adm2_pcode,province,district,clinic,code5,clinic_province,distance_km,travel_time_min
TH1001,กรุงเทพมหานคร,พระนคร,รพ.ศิริราช,13814.0,กรุงเทพมหานคร,3.32,4.7
TH1002,กรุงเทพมหานคร,ดุสิต,รพ.พระมงกุฎเกล้า,11481.0,กรุงเทพมหานคร,2.42,3.9
TH1003,กรุงเทพมหานคร,หนองจอก,รพ.สิรินธร,15049.0,กรุงเทพมหานคร,31.66,32.0
TH1004,กรุงเทพมหานคร,บางรัก,รพ.จุฬาลงกรณ์สภากาชาดไทย,13756.0,กรุงเทพมหานคร,1.39,2.7
TH1005,กรุงเทพมหานคร,บางเขน,คลินิกเวชกรรม สวท บางเขน,16588.0,กรุงเทพมหานคร,16.65,18.3
TH1006,กรุงเทพมหานคร,บางกะปิ,รพ.คลองตัน โรงพยาบาลทั่วไปขนาดเล็ก,11626.0,กรุงเทพมหานคร,8.6,10.5
TH1007,กรุงเทพมหานคร,ปทุมวัน,รพ.จุฬาลงกรณ์สภากาชาดไทย,13756.0,กรุงเทพมหานคร,1.24,4.4
TH1008,กรุงเทพมหานคร,ป้อมปราบศัตรูพ่าย,รพ.กลาง,11537.0,กรุงเทพมหานคร,0.53,1.5
TH1009,กรุงเทพมหานคร,พระโขนง,รักษ์ลาซาลคลินิกเวชกรรม,42221.0,กรุงเทพมหานคร,5.13,7.7
TH1010,กรุงเทพมหานคร,มีนบุรี,รพ.สิรินธร,15049.0,กรุงเทพมหานคร,16.82,19.9
TH1011,กรุงเทพมหานคร,ลาดกระบัง,รพ.สิรินธร,15049.0,กรุงเทพมหานคร,14.41,17.9
TH1012,กรุงเทพมหานคร,ยานนาวา,รพ.เลิดสิน,11469.0,กรุงเทพมหานคร,5.93,7.5
TH1013,กรุงเทพมหานคร,สัมพันธวงศ์,รพ.กลาง,11537.0,กรุงเทพมหานคร,1.72,3.7
TH1014,กรุงเทพมหานคร,พญาไท,รพ.พระมงกุฎเกล้า,11481.0,กรุงเทพมหานคร,3.14,5.3
TH1015,กรุงเทพมหานคร,ธนบุรี,รพ.สมเด็จพระปิ่นเกล้า,11478.0,กรุงเทพมหานคร,3.49,5.2
TH1016,กรุงเทพมหานคร,บางกอกใหญ่,รพ.สมเด็จพระปิ่นเกล้า,11478.0,กรุงเทพมหานคร,4.56,6.7
TH1017,กรุงเทพมหานคร,ห้วยขวาง,รพ.คลองตัน โรงพยาบาลทั่วไปขนาดเล็ก,11626.0,กรุงเทพมหานคร,7.49,9.5
TH1018,กรุงเทพมหานคร,คลองสาน,รพ.ตากสิน,11539.0,กรุงเทพมหานคร,1.87,4.3
TH1019,กรุงเทพมหานคร,ตลิ่งชัน,รพ.ศิริราช,13814.0,กรุงเทพมหานคร,9.5,14.6
TH1020,กรุงเทพมหานคร,บางกอกน้อย,รพ.ศิริราช,13814.0,กรุงเทพมหานคร,2.19,4.7
TH1021,กรุงเทพมหานคร,บางขุนเทียน,พักใจคลินิกเวชกรรม,47466.0,กรุงเทพมหานคร,14.78,19.0
TH1022,กรุงเทพมหานคร,ภาษีเจริญ,รพ.สมเด็จพระปิ่นเกล้า,11478.0,กรุงเทพมหานคร,7.67,9.5
TH1023,กรุงเทพมหานคร,หนองแขม,รพ.ราชพิพัฒน์,14641.0,กรุงเทพมหานคร,5.96,9.9
TH1024,กรุงเทพมหานคร,ราษฎร์บูรณะ,รพ.สมเด็จพระปิ่นเกล้า,11478.0,กรุงเทพมหานคร,5.43,5.8
TH1025,กรุงเทพมหานคร,บางพลัด,คลินิกเวชกรรม ทานตะวัน,,กรุงเทพมหานคร,4.62,7.5
TH1026,กรุงเทพมหานคร,ดินแดง,รพ.พระมงกุฎเกล้า,11481.0,กรุงเทพมหานคร,5.08,8.6
TH1027,กรุงเทพมหานคร,บึงกุ่ม,คลินิกเวชกรรม สวท บางเขน,16588.0,กรุงเทพมหานคร,14.18,17.0
TH1028,กรุงเทพมหานคร,สาทร,รพ.เลิดสิน,11469.0,กรุงเทพมหานคร,3.3,5.5
TH1029,กรุงเทพมหานคร,บางซื่อ,คลินิกเวชกรรม สวท บางเขน,16588.0,กรุงเทพมหานคร,6.54,10.6
TH1030,กรุงเทพมหานคร,จตุจักร,คลินิกเวชกรรม สวท บางเขน,16588.0,กรุงเทพมหานคร,3.25,4.9
TH1031,กรุงเทพมหานคร,บางคอแหลม,รพ.เลิดสิน,11469.0,กรุงเทพมหานคร,4.2,5.7
TH1032,กรุงเทพมหานคร,ประเวศ,รพ.สิรินธร,15049.0,กรุงเทพมหานคร,5.85,8.6
TH1033,กรุงเทพมหานคร,คลองเตย,รพ.จุฬาลงกรณ์สภากาชาดไทย,13756.0,กรุงเทพมหานคร,5.75,8.6
TH1034,กรุงเทพมหานคร,สวนหลวง,รพ.คลองตัน โรงพยาบาลทั่วไปขนาดเล็ก,11626.0,กรุงเทพมหานคร,5.08,8.7
TH1035,กรุงเทพมหานคร,จอมทอง,รพ.สมเด็จพระปิ่นเกล้า,11478.0,กรุงเทพมหานคร,5.36,7.2
TH1036,กรุงเทพมหานคร,ดอนเมือง,รพ.ปทุมธานี,10687.0,ปทุมธานี,17.73,19.8
TH1037,กรุงเทพมหานคร,ราชเทวี,รพ.ราชวิถี,11472.0,กรุงเทพมหานคร,1.02,2.8
TH1038,กรุงเทพมหานคร,ลาดพร้าว,คลินิกเวชกรรม สวท บางเขน,16588.0,กรุงเทพมหานคร,9.56,13.3
TH1039,กรุงเทพมหานคร,วัฒนา,รพ.คลองตัน โรงพยาบาลทั่วไปขนาดเล็ก,11626.0,กรุงเทพมหานคร,3.29,5.6
TH1040,กรุงเทพมหานคร,บางแค,รพ.ราชพิพัฒน์,14641.0,กรุงเทพมหานคร,8.72,11.5
TH1041,กรุงเทพมหานคร,หลักสี่,คลินิกเวชกรรม สวท บางเขน,16588.0,กรุงเทพมหานคร,7.89,15.1
TH1042,กรุงเทพมหานคร,สายไหม,คลินิกเวชกรรม สวท บางเขน,16588.0,กรุงเทพมหานคร,19.91,21.4
TH1043,กรุงเทพมหานคร,คันนายาว,รพ.สิรินธร,15049.0,กรุงเทพมหานคร,14.73,14.4
TH1044,กรุงเทพมหานคร,สะพานสูง,รพ.สิรินธร,15049.0,กรุงเทพมหานคร,12.47,15.6
TH1045,กรุงเทพมหานคร,วังทองหลาง,รพ.คลองตัน โรงพยาบาลทั่วไปขนาดเล็ก,11626.0,กรุงเทพมหานคร,8.55,10.3
TH1046,กรุงเทพมหานคร,คลองสามวา,รพ.สิรินธร,15049.0,กรุงเทพมหานคร,25.54,37.1
TH1047,กรุงเทพมหานคร,บางนา,รักษ์ลาซาลคลินิกเวชกรรม,42221.0,กรุงเทพมหานคร,2.69,5.4
TH1048,กรุงเทพมหานคร,ทวีวัฒนา,รพ.ราชพิพัฒน์,14641.0,กรุงเทพมหานคร,8.08,13.4
TH1049,กรุงเทพมหานคร,ทุ่งครุ,พักใจคลินิกเวชกรรม,47466.0,กรุงเทพมหานคร,3.41,5.5
TH1050,กรุงเทพมหานคร,บางบอน,รพ.หลวงพ่อทวีศักดิ์ ชุตินฺธโร อุทิศ,11540.0,กรุงเทพมหานคร,7.67,11.9
TH1101,สมุทรปราการ,เมืองสมุทรปราการ,โรงพยาบาลเดอะซีพลัส สมุทรปราการโรงพยาบาลทั่วไปขนาดเล็ก,41367.0,สมุทรปราการ,2.99,5.0
TH1102,สมุทรปราการ,บางบ่อ,รพ.บางพลี,10753.0,สมุทรปราการ,26.79,22.6
TH1103,สมุทรปราการ,บางพลี,รพ.บางพลี,10753.0,สมุทรปราการ,4.21,7.1
TH1104,สมุทรปราการ,พระประแดง,รักษ์ลาซาลคลินิกเวชกรรม,42221.0,กรุงเทพมหานคร,8.0,10.6
TH1105,สมุทรปราการ,พระสมุทรเจดีย์,พักใจคลินิกเวชกรรม,47466.0,กรุงเทพมหานคร,9.95,11.5
TH1106,สมุทรปราการ,บางเสาธง,รพ.บางพลี,10753.0,สมุทรปราการ,24.09,33.1
TH1201,นนทบุรี,เมืองนนทบุรี,คลินิกเวชกรรม สวท บางเขน,16588.0,กรุงเทพมหานคร,11.36,15.5
TH1202,นนทบุรี,บางกรวย,รพ.ศิริราช,13814.0,กรุงเทพมหานคร,14.29,17.8
TH1203,นนทบุรี,บางใหญ่,รพ.ราชพิพัฒน์,14641.0,กรุงเทพมหานคร,20.66,36.1
TH1204,นนทบุรี,บางบัวทอง,รพ.ปทุมธานี,10687.0,ปทุมธานี,27.41,25.9
TH1205,นนทบุรี,ไทรน้อย,รพ.ปทุมธานี,10687.0,ปทุมธานี,30.23,30.7
TH1206,นนทบุรี,ปากเกร็ด,คลินิกเวชกรรม สวท บางเขน,16588.0,กรุงเทพมหานคร,16.82,22.6
TH1301,ปทุมธานี,เมืองปทุมธานี,รพ.ปทุมธานี,10687.0,ปทุมธานี,2.99,5.7
TH1302,ปทุมธานี,คลองหลวง,รพ.การุญเวช ปทุมธานี โรงพยาบาลทั่วไปขนาดใหญ่,11799.0,ปทุมธานี,10.94,22.5
TH1303,ปทุมธานี,ธัญบุรี,รพ.ธรรมศาสตร์เฉลิมพระเกียรติ,13778.0,ปทุมธานี,27.98,26.7
TH1304,ปทุมธานี,หนองเสือ,รพ.ศูนย์การแพทย์สมเด็จพระเทพรัตนราชสุดาฯ,14904.0,นครนายก,33.17,35.6
TH1305,ปทุมธานี,ลาดหลุมแก้ว,รพ.ปทุมธานี,10687.0,ปทุมธานี,13.83,14.2
TH1306,ปทุมธานี,ลำลูกกา,รพ.ศูนย์การแพทย์สมเด็จพระเทพรัตนราชสุดาฯ,14904.0,นครนายก,30.11,35.6
TH1307,ปทุมธานี,สามโคก,รพ.ปทุมธานี,10687.0,ปทุมธานี,15.55,20.2
TH1401,พระนครศรีอยุธยา,พระนครศรีอยุธยา,รพ.เสนา,10688.0,พระนครศรีอยุธยา,21.16,23.7
TH1402,พระนครศรีอยุธยา,ท่าเรือ,รพ.อ่างทอง,10689.0,อ่างทอง,33.55,38.3
TH1403,พระนครศรีอยุธยา,นครหลวง,รพ.อ่างทอง,10689.0,อ่างทอง,30.95,30.1
TH1404,พระนครศรีอยุธยา,บางไทร,รพ.เสนา,10688.0,พระนครศรีอยุธยา,20.76,25.9
TH1405,พระนครศรีอยุธยา,บางบาล,รพ.เสนา,10688.0,พระนครศรีอยุธยา,13.87,29.5
TH1406,พระนครศรีอยุธยา,บางปะอิน,รพ.การุญเวช ปทุมธานี โรงพยาบาลทั่วไปขนาดใหญ่,11799.0,ปทุมธานี,23.65,22.0
TH1407,พระนครศรีอยุธยา,บางปะหัน,รพ.อ่างทอง,10689.0,อ่างทอง,19.34,21.5
TH1408,พระนครศรีอยุธยา,ผักไห่,รพ.เสนา,10688.0,พระนครศรีอยุธยา,29.29,44.2
TH1409,พระนครศรีอยุธยา,ภาชี,รพ.อ่างทอง,10689.0,อ่างทอง,41.49,37.4
TH1410,พระนครศรีอยุธยา,ลาดบัวหลวง,รพ.เสนา,10688.0,พระนครศรีอยุธยา,19.44,31.1
TH1411,พระนครศรีอยุธยา,วังน้อย,รพ.การุญเวช ปทุมธานี โรงพยาบาลทั่วไปขนาดใหญ่,11799.0,ปทุมธานี,25.17,21.0
TH1412,พระนครศรีอยุธยา,เสนา,รพ.เสนา,10688.0,พระนครศรีอยุธยา,5.37,8.6
TH1413,พระนครศรีอยุธยา,บางซ้าย,รพ.เสนา,10688.0,พระนครศรีอยุธยา,13.28,20.0
TH1414,พระนครศรีอยุธยา,อุทัย,รพ.การุญเวช ปทุมธานี โรงพยาบาลทั่วไปขนาดใหญ่,11799.0,ปทุมธานี,36.98,37.8
TH1415,พระนครศรีอยุธยา,มหาราช,รพ.อ่างทอง,10689.0,อ่างทอง,12.01,13.1
TH1416,พระนครศรีอยุธยา,บ้านแพรก,รพ.อ่างทอง,10689.0,อ่างทอง,20.13,26.2
TH1501,อ่างทอง,เมืองอ่างทอง,รพ.อ่างทอง,10689.0,อ่างทอง,2.88,4.1
TH1502,อ่างทอง,ไชโย,รพ.อ่างทอง,10689.0,อ่างทอง,17.2,16.2
TH1503,อ่างทอง,ป่าโมก,รพ.อ่างทอง,10689.0,อ่างทอง,12.14,13.0
TH1504,อ่างทอง,โพธิ์ทอง,รพ.อ่างทอง,10689.0,อ่างทอง,24.61,31.4
TH1505,อ่างทอง,แสวงหา,รพ.สิงห์บุรี,10692.0,สิงห์บุรี,30.58,34.6
TH1506,อ่างทอง,วิเศษชัยชาญ,รพ.อ่างทอง,10689.0,อ่างทอง,19.34,20.7
TH1507,อ่างทอง,สามโก้,รพ.อ่างทอง,10689.0,อ่างทอง,25.78,25.3
TH1601,ลพบุรี,เมืองลพบุรี,รพ.พระนารายณ์มหาราช,10690.0,ลพบุรี,6.71,11.4
TH1602,ลพบุรี,พัฒนานิคม,รพ.โคกสำโรง,10790.0,ลพบุรี,46.61,54.7
TH1603,ลพบุรี,โคกสำโรง,รพ.โคกสำโรง,10790.0,ลพบุรี,8.1,12.9
TH1604,ลพบุรี,ชัยบาดาล,รพ.ชัยบาดาล,10791.0,ลพบุรี,2.27,5.7
TH1605,ลพบุรี,ท่าวุ้ง,รพ.พระนารายณ์มหาราช,10690.0,ลพบุรี,15.53,16.5
TH1606,ลพบุรี,บ้านหมี่,รพ.โคกสำโรง,10790.0,ลพบุรี,23.9,28.9
TH1607,ลพบุรี,ท่าหลวง,รพ.ชัยบาดาล,10791.0,ลพบุรี,23.73,27.1
TH1608,ลพบุรี,สระโบสถ์,รพ.โคกสำโรง,10790.0,ลพบุรี,37.69,57.8
TH1609,ลพบุรี,โคกเจริญ,รพ.โคกสำโรง,10790.0,ลพบุรี,51.45,56.0
TH1610,ลพบุรี,ลำสนธิ,รพ.ชัยบาดาล,10791.0,ลพบุรี,42.23,45.7
TH1611,ลพบุรี,หนองม่วง,รพ.โคกสำโรง,10790.0,ลพบุรี,32.62,31.9
TH1701,สิงห์บุรี,เมืองสิงห์บุรี,รพ.สิงห์บุรี,10692.0,สิงห์บุรี,2.41,2.7
TH1702,สิงห์บุรี,บางระจัน,รพ.สิงห์บุรี,10692.0,สิงห์บุรี,16.08,27.0
TH1703,สิงห์บุรี,ค่ายบางระจัน,รพ.สิงห์บุรี,10692.0,สิงห์บุรี,15.15,21.9
TH1704,สิงห์บุรี,พรหมบุรี,รพ.สิงห์บุรี,10692.0,สิงห์บุรี,17.31,15.1
TH1705,สิงห์บุรี,ท่าช้าง,รพ.สิงห์บุรี,10692.0,สิงห์บุรี,19.98,24.7
TH1706,สิงห์บุรี,อินทร์บุรี,รพ.สิงห์บุรี,10692.0,สิงห์บุรี,20.73,18.0
TH1801,ชัยนาท,เมืองชัยนาท,รพ.สรรคบุรี,10805.0,ชัยนาท,21.23,21.3
TH1802,ชัยนาท,มโนรมย์,รพ.สรรคบุรี,10805.0,ชัยนาท,42.65,43.0
TH1803,ชัยนาท,วัดสิงห์,รพ.สรรคบุรี,10805.0,ชัยนาท,46.62,51.9
TH1804,ชัยนาท,สรรพยา,รพ.สรรคบุรี,10805.0,ชัยนาท,27.87,29.7
TH1805,ชัยนาท,สรรคบุรี,รพ.สรรคบุรี,10805.0,ชัยนาท,5.45,9.5
TH1806,ชัยนาท,หันคา,รพ.สรรคบุรี,10805.0,ชัยนาท,25.55,35.0
TH1807,ชัยนาท,หนองมะโมง,รพ.สรรคบุรี,10805.0,ชัยนาท,63.24,64.9
TH1808,ชัยนาท,เนินขาม,รพ.สรรคบุรี,10805.0,ชัยนาท,46.91,51.1
TH1901,สระบุรี,เมืองสระบุรี,รพ.พระนารายณ์มหาราช,10690.0,ลพบุรี,54.3,45.8
TH1902,สระบุรี,แก่งคอย,รพ.พระนารายณ์มหาราช,10690.0,ลพบุรี,65.27,56.6
TH1903,สระบุรี,หนองแค,รพ.การุญเวช ปทุมธานี โรงพยาบาลทั่วไปขนาดใหญ่,11799.0,ปทุมธานี,46.76,39.6
TH1904,สระบุรี,วิหารแดง,รพ.นครนายก,10698.0,นครนายก,30.23,25.1
TH1905,สระบุรี,หนองแซง,รพ.อ่างทอง,10689.0,อ่างทอง,53.53,52.6
TH1906,สระบุรี,บ้านหมอ,รพ.พระนารายณ์มหาราช,10690.0,ลพบุรี,34.93,36.7
TH1907,สระบุรี,ดอนพุด,รพ.อ่างทอง,10689.0,อ่างทอง,23.61,39.6
TH1908,สระบุรี,หนองโดน,รพ.พระนารายณ์มหาราช,10690.0,ลพบุรี,22.97,55.4
TH1909,สระบุรี,พระพุทธบาท,รพ.พระนารายณ์มหาราช,10690.0,ลพบุรี,21.1,19.4
TH1910,สระบุรี,เสาไห้,รพ.อ่างทอง,10689.0,อ่างทอง,44.95,49.3
TH1911,สระบุรี,มวกเหล็ก,รพ.ชัยบาดาล,10791.0,ลพบุรี,63.2,73.7
TH1912,สระบุรี,วังม่วง,รพ.ชัยบาดาล,10791.0,ลพบุรี,49.55,59.6
TH1913,สระบุรี,เฉลิมพระเกียรติ,รพ.พระนารายณ์มหาราช,10690.0,ลพบุรี,34.81,31.0
TH2001,ชลบุรี,เมืองชลบุรี,รพ.ชลบุรี,10662.0,ชลบุรี,3.66,4.0
TH2002,ชลบุรี,บ้านบึง,รพ.ชลบุรี,10662.0,ชลบุรี,30.11,30.2
TH2003,ชลบุรี,หนองใหญ่,โทนี่ เมดิแคร์ คลินิกเวชกรรม,42977.0,ระยอง,28.22,26.6
TH2004,ชลบุรี,บางละมุง,รพ.ปลวกแดง,10832.0,ระยอง,42.94,47.6
TH2005,ชลบุรี,พานทอง,คลินิกเฉพาะทางด้านเวชกรรมสาขาสูติศาสตร์นรีเวชวิทยา หมอสิทธิโชค,42338.0,ชลบุรี,9.5,14.7
TH2006,ชลบุรี,พนัสนิคม,คลินิกเฉพาะทางด้านเวชกรรมสาขาสูติศาสตร์นรีเวชวิทยา หมอสิทธิโชค,42338.0,ชลบุรี,27.49,36.4
TH2007,ชลบุรี,ศรีราชา,รพ.ชลบุรี,10662.0,ชลบุรี,30.56,32.2
TH2008,ชลบุรี,เกาะสีชัง,รพ.ชลบุรี,10662.0,ชลบุรี,39.73,175.5
TH2009,ชลบุรี,สัตหีบ,รพ.เฉลิมพระเกียรติ สมเด็จพระเทพรัตนราชสุดาฯ สยามบรมราชกุมารี ระยอง,10827.0,ระยอง,33.01,25.3
TH2010,ชลบุรี,บ่อทอง,โทนี่ เมดิแคร์ คลินิกเวชกรรม,42977.0,ระยอง,63.79,68.3
TH2011,ชลบุรี,เกาะจันทร์,คลินิกเฉพาะทางด้านเวชกรรมสาขาสูติศาสตร์นรีเวชวิทยา หมอสิทธิโชค,42338.0,ชลบุรี,48.67,51.8
TH2101,ระยอง,เมืองระยอง,รพ.ระยอง,10663.0,ระยอง,26.3,44.5
TH2102,ระยอง,บ้านฉาง,รพ.เฉลิมพระเกียรติ สมเด็จพระเทพรัตนราชสุดาฯ สยามบรมราชกุมารี ระยอง,10827.0,ระยอง,14.46,13.4
TH2103,ระยอง,แกลง,รพ.ระยอง,10663.0,ระยอง,53.28,41.0
TH2104,ระยอง,วังจันทร์,โทนี่ เมดิแคร์ คลินิกเวชกรรม,42977.0,ระยอง,50.62,42.5
TH2105,ระยอง,บ้านค่าย,รพ.ระยอง,10663.0,ระยอง,21.6,23.2
TH2106,ระยอง,ปลวกแดง,โทนี่ เมดิแคร์ คลินิกเวชกรรม,42977.0,ระยอง,14.17,17.5
TH2107,ระยอง,เขาชะเมา,โทนี่ เมดิแคร์ คลินิกเวชกรรม,42977.0,ระยอง,76.01,77.2
TH2108,ระยอง,นิคมพัฒนา,รพ.เฉลิมพระเกียรติ สมเด็จพระเทพรัตนราชสุดาฯ สยามบรมราชกุมารี ระยอง,10827.0,ระยอง,16.88,17.8
TH2201,จันทบุรี,เมืองจันทบุรี,รพ.พระปกเกล้า,10664.0,จันทบุรี,5.16,8.2
TH2202,จันทบุรี,ขลุง,รพ.พระปกเกล้า,10664.0,จันทบุรี,38.36,36.1
TH2203,จันทบุรี,ท่าใหม่,รพ.พระปกเกล้า,10664.0,จันทบุรี,27.27,42.6
TH2204,จันทบุรี,โป่งน้ำร้อน,รพ.พระปกเกล้า,10664.0,จันทบุรี,55.46,61.4
TH2205,จันทบุรี,มะขาม,รพ.พระปกเกล้า,10664.0,จันทบุรี,24.83,25.9
TH2206,จันทบุรี,แหลมสิงห์,รพ.พระปกเกล้า,10664.0,จันทบุรี,24.91,24.8
TH2207,จันทบุรี,สอยดาว,รพ.พระปกเกล้า,10664.0,จันทบุรี,82.17,84.1
TH2208,จันทบุรี,แก่งหางแมว,รพ.พระปกเกล้า,10664.0,จันทบุรี,86.43,101.1
TH2209,จันทบุรี,นายายอาม,รพ.พระปกเกล้า,10664.0,จันทบุรี,38.47,33.6
TH2210,จันทบุรี,เขาคิชฌกูฏ,รพ.พระปกเกล้า,10664.0,จันทบุรี,47.4,54.0
TH2301,ตราด,เมืองตราด,รพ.พระปกเกล้า,10664.0,จันทบุรี,78.6,68.4
TH2302,ตราด,คลองใหญ่,รพ.พระปกเกล้า,10664.0,จันทบุรี,136.57,99.1
TH2303,ตราด,เขาสมิง,รพ.พระปกเกล้า,10664.0,จันทบุรี,57.08,47.4
TH2304,ตราด,บ่อไร่,รพ.พระปกเกล้า,10664.0,จันทบุรี,85.94,77.5
TH2305,ตราด,แหลมงอบ,รพ.พระปกเกล้า,10664.0,จันทบุรี,71.33,79.3
TH2306,ตราด,เกาะกูด,รพ.พระปกเกล้า,10664.0,จันทบุรี,129.37,152.5
TH2307,ตราด,เกาะช้าง,รพ.พระปกเกล้า,10664.0,จันทบุรี,98.05,135.4
TH2401,ฉะเชิงเทรา,เมืองฉะเชิงเทรา,รพ.พุทธโสธร,10697.0,ฉะเชิงเทรา,17.53,25.9
TH2402,ฉะเชิงเทรา,บางคล้า,รพ.พุทธโสธร,10697.0,ฉะเชิงเทรา,29.17,30.4
TH2403,ฉะเชิงเทรา,บางน้ำเปรี้ยว,รพ.พุทธโสธร,10697.0,ฉะเชิงเทรา,28.56,30.7
TH2404,ฉะเชิงเทรา,บางปะกง,คลินิกเฉพาะทางด้านเวชกรรมสาขาสูติศาสตร์นรีเวชวิทยา หมอสิทธิโชค,42338.0,ชลบุรี,28.03,28.8
TH2405,ฉะเชิงเทรา,บ้านโพธิ์,รพ.พุทธโสธร,10697.0,ฉะเชิงเทรา,12.9,17.8
TH2406,ฉะเชิงเทรา,พนมสารคาม,รพ.พุทธโสธร,10697.0,ฉะเชิงเทรา,47.66,38.9
TH2407,ฉะเชิงเทรา,ราชสาส์น,รพ.พุทธโสธร,10697.0,ฉะเชิงเทรา,41.36,37.7
TH2408,ฉะเชิงเทรา,สนามชัยเขต,รพ.พุทธโสธร,10697.0,ฉะเชิงเทรา,80.58,87.5
TH2409,ฉะเชิงเทรา,แปลงยาว,รพ.พุทธโสธร,10697.0,ฉะเชิงเทรา,42.75,46.0
TH2410,ฉะเชิงเทรา,ท่าตะเกียบ,รพร.สระแก้ว,10699.0,สระแก้ว,90.69,99.6
TH2411,ฉะเชิงเทรา,คลองเขื่อน,รพ.พุทธโสธร,10697.0,ฉะเชิงเทรา,16.72,26.9
TH2501,ปราจีนบุรี,เมืองปราจีนบุรี,รพ.นครนายก,10698.0,นครนายก,27.9,23.8
TH2502,ปราจีนบุรี,กบินทร์บุรี,รพร.สระแก้ว,10699.0,สระแก้ว,61.94,56.4
TH2503,ปราจีนบุรี,นาดี,รพร.สระแก้ว,10699.0,สระแก้ว,70.73,60.4
TH2506,ปราจีนบุรี,บ้านสร้าง,รพ.นครนายก,10698.0,นครนายก,34.44,39.9
TH2507,ปราจีนบุรี,ประจันตคาม,รพ.นครนายก,10698.0,นครนายก,53.05,50.1
TH2508,ปราจีนบุรี,ศรีมหาโพธิ,รพ.นครนายก,10698.0,นครนายก,64.22,58.3
TH2509,ปราจีนบุรี,ศรีมโหสถ,รพ.นครนายก,10698.0,นครนายก,47.12,42.4
TH2601,นครนายก,เมืองนครนายก,รพ.นครนายก,10698.0,นครนายก,8.11,12.6
TH2602,นครนายก,ปากพลี,รพ.นครนายก,10698.0,นครนายก,20.97,22.8
TH2603,นครนายก,บ้านนา,รพ.นครนายก,10698.0,นครนายก,22.15,17.7
TH2604,นครนายก,องครักษ์,รพ.ศูนย์การแพทย์สมเด็จพระเทพรัตนราชสุดาฯ,14904.0,นครนายก,4.09,8.7
TH2701,สระแก้ว,เมืองสระแก้ว,รพร.สระแก้ว,10699.0,สระแก้ว,17.47,22.0
TH2702,สระแก้ว,คลองหาด,รพร.สระแก้ว,10699.0,สระแก้ว,62.15,57.1
TH2703,สระแก้ว,ตาพระยา,รพ.ละหานทราย,10899.0,บุรีรัมย์,59.84,67.4
TH2704,สระแก้ว,วังน้ำเย็น,รพร.สระแก้ว,10699.0,สระแก้ว,38.74,48.3
TH2705,สระแก้ว,วัฒนานคร,รพร.สระแก้ว,10699.0,สระแก้ว,49.65,47.0
TH2706,สระแก้ว,อรัญประเทศ,รพร.สระแก้ว,10699.0,สระแก้ว,51.67,39.6
TH2707,สระแก้ว,เขาฉกรรจ์,รพร.สระแก้ว,10699.0,สระแก้ว,34.74,43.5
TH2708,สระแก้ว,โคกสูง,รพร.สระแก้ว,10699.0,สระแก้ว,73.51,61.8
TH2709,สระแก้ว,วังสมบูรณ์,รพร.สระแก้ว,10699.0,สระแก้ว,72.22,73.4
TH3001,นครราชสีมา,เมืองนครราชสีมา,รพ.มหาราชนครราชสีมา,10666.0,นครราชสีมา,5.19,11.0
TH3002,นครราชสีมา,ครบุรี,รพ.มหาราชนครราชสีมา,10666.0,นครราชสีมา,84.95,118.3
TH3003,นครราชสีมา,เสิงสาง,รพ.ละหานทราย,10899.0,บุรีรัมย์,57.24,57.1
TH3004,นครราชสีมา,คง,รพ.บัวใหญ่,10881.0,นครราชสีมา,27.05,46.3
TH3005,นครราชสีมา,บ้านเหลื่อม,รพ.ชัยภูมิ,10702.0,ชัยภูมิ,41.62,54.7
TH3006,นครราชสีมา,จักราช,คลินิกเฉพาะทางด้านเวชกรรมสูติศาสตร์และนรีเวชวิทยานายแพทย์วรชาติ,42231.0,นครราชสีมา,44.08,50.9
TH3007,นครราชสีมา,โชคชัย,รพ.มหาราชนครราชสีมา,10666.0,นครราชสีมา,45.36,53.8
TH3008,นครราชสีมา,ด่านขุนทด,รพ.บำเหน็จณรงค์,10975.0,ชัยภูมิ,28.57,34.4
TH3009,นครราชสีมา,โนนไทย,รพ.มหาราชนครราชสีมา,10666.0,นครราชสีมา,36.13,46.9
TH3010,นครราชสีมา,โนนสูง,คลินิกเฉพาะทางด้านเวชกรรมสูติศาสตร์และนรีเวชวิทยานายแพทย์วรชาติ,42231.0,นครราชสีมา,34.12,36.1
TH3011,นครราชสีมา,ขามสะแกแสง,รพ.บัวใหญ่,10881.0,นครราชสีมา,53.09,74.8
TH3012,นครราชสีมา,บัวใหญ่,รพ.บัวใหญ่,10881.0,นครราชสีมา,9.92,26.8
TH3013,นครราชสีมา,ประทาย,รพ.บัวใหญ่,10881.0,นครราชสีมา,38.0,40.6
TH3014,นครราชสีมา,ปักธงชัย,รพ.มหาราชนครราชสีมา,10666.0,นครราชสีมา,55.76,54.4
TH3015,นครราชสีมา,พิมาย,คลินิกเฉพาะทางด้านเวชกรรมสูติศาสตร์และนรีเวชวิทยานายแพทย์วรชาติ,42231.0,นครราชสีมา,9.93,21.6
TH3016,นครราชสีมา,ห้วยแถลง,คลินิกเฉพาะทางด้านเวชกรรมสูติศาสตร์และนรีเวชวิทยานายแพทย์วรชาติ,42231.0,นครราชสีมา,41.58,51.6
TH3017,นครราชสีมา,ชุมพวง,คลินิกเฉพาะทางด้านเวชกรรมสูติศาสตร์และนรีเวชวิทยานายแพทย์วรชาติ,42231.0,นครราชสีมา,38.0,52.9
TH3018,นครราชสีมา,สูงเนิน,รพ.สีคิ้ว,10889.0,นครราชสีมา,28.69,23.2
TH3019,นครราชสีมา,ขามทะเลสอ,รพ.มหาราชนครราชสีมา,10666.0,นครราชสีมา,26.01,30.0
TH3020,นครราชสีมา,สีคิ้ว,รพ.สีคิ้ว,10889.0,นครราชสีมา,17.43,29.2
TH3021,นครราชสีมา,ปากช่อง,รพ.สีคิ้ว,10889.0,นครราชสีมา,47.74,40.3
TH3022,นครราชสีมา,หนองบุญมาก,รพ.มหาราชนครราชสีมา,10666.0,นครราชสีมา,60.2,58.6
TH3023,นครราชสีมา,แก้งสนามนาง,รพ.บัวใหญ่,10881.0,นครราชสีมา,28.9,39.4
TH3024,นครราชสีมา,โนนแดง,รพ.บัวใหญ่,10881.0,นครราชสีมา,31.07,31.9
TH3025,นครราชสีมา,วังน้ำเขียว,รพ.มหาราชนครราชสีมา,10666.0,นครราชสีมา,81.58,64.0
TH3026,นครราชสีมา,เทพารักษ์,รพ.บำเหน็จณรงค์,10975.0,ชัยภูมิ,32.77,46.3
TH3027,นครราชสีมา,เมืองยาง,รพ.พยัคฆภูมิพิสัย,11057.0,มหาสารคาม,47.56,51.9
TH3028,นครราชสีมา,พระทองคำ,รพ.บำเหน็จณรงค์,10975.0,ชัยภูมิ,43.09,52.0
TH3029,นครราชสีมา,ลำทะเมนชัย,รพ.บุรีรัมย์,10667.0,บุรีรัมย์,50.79,71.2
TH3030,นครราชสีมา,บัวลาย,รพ.บัวใหญ่,10881.0,นครราชสีมา,16.42,26.8
TH3031,นครราชสีมา,สีดา,รพ.บัวใหญ่,10881.0,นครราชสีมา,22.32,26.5
TH3032,นครราชสีมา,เฉลิมพระเกียรติ,รพ.มหาราชนครราชสีมา,10666.0,นครราชสีมา,28.32,31.5
TH3101,บุรีรัมย์,เมืองบุรีรัมย์,รพ.บุรีรัมย์,10667.0,บุรีรัมย์,10.88,15.0
TH3102,บุรีรัมย์,คูเมือง,รพ.บุรีรัมย์,10667.0,บุรีรัมย์,36.76,37.5
TH3103,บุรีรัมย์,กระสัง,รพ.บุรีรัมย์,10667.0,บุรีรัมย์,41.44,47.0
TH3104,บุรีรัมย์,นางรอง,รพ.ละหานทราย,10899.0,บุรีรัมย์,32.09,42.4
TH3105,บุรีรัมย์,หนองกี่,รพ.ละหานทราย,10899.0,บุรีรัมย์,59.7,59.4
TH3106,บุรีรัมย์,ละหานทราย,รพ.ละหานทราย,10899.0,บุรีรัมย์,11.94,30.3
TH3107,บุรีรัมย์,ประโคนชัย,รพ.บุรีรัมย์,10667.0,บุรีรัมย์,46.66,56.1
TH3108,บุรีรัมย์,บ้านกรวด,รพ.ละหานทราย,10899.0,บุรีรัมย์,36.06,38.6
TH3109,บุรีรัมย์,พุทไธสง,รพ.พยัคฆภูมิพิสัย,11057.0,มหาสารคาม,24.24,20.5
TH3110,บุรีรัมย์,ลำปลายมาศ,รพ.บุรีรัมย์,10667.0,บุรีรัมย์,27.65,33.2
TH3111,บุรีรัมย์,สตึก,รพ.บุรีรัมย์,10667.0,บุรีรัมย์,40.33,51.6
TH3112,บุรีรัมย์,ปะคำ,รพ.ละหานทราย,10899.0,บุรีรัมย์,29.91,35.1
TH3113,บุรีรัมย์,นาโพธิ์,รพ.พยัคฆภูมิพิสัย,11057.0,มหาสารคาม,42.36,45.4
TH3114,บุรีรัมย์,หนองหงส์,คลินิกเฉพาะทางด้านเวชกรรมสูติศาสตร์และนรีเวชวิทยานายแพทย์วรชาติ,42231.0,นครราชสีมา,52.76,65.9
TH3115,บุรีรัมย์,พลับพลาชัย,รพ.บุรีรัมย์,10667.0,บุรีรัมย์,40.36,56.4
TH3116,บุรีรัมย์,ห้วยราช,รพ.บุรีรัมย์,10667.0,บุรีรัมย์,17.87,28.3
TH3117,บุรีรัมย์,โนนสุวรรณ,รพ.ละหานทราย,10899.0,บุรีรัมย์,55.42,68.8
TH3118,บุรีรัมย์,ชำนิ,รพ.ละหานทราย,10899.0,บุรีรัมย์,45.71,53.3
TH3119,บุรีรัมย์,บ้านใหม่ไชยพจน์,รพ.พยัคฆภูมิพิสัย,11057.0,มหาสารคาม,39.25,30.8
TH3120,บุรีรัมย์,โนนดินแดง,รพ.ละหานทราย,10899.0,บุรีรัมย์,26.53,30.1
TH3121,บุรีรัมย์,บ้านด่าน,รพ.บุรีรัมย์,10667.0,บุรีรัมย์,20.56,23.7
TH3122,บุรีรัมย์,แคนดง,รพ.บุรีรัมย์,10667.0,บุรีรัมย์,44.67,52.9
TH3123,บุรีรัมย์,เฉลิมพระเกียรติ,รพ.ละหานทราย,10899.0,บุรีรัมย์,27.53,32.8
TH3201,สุรินทร์,เมืองสุรินทร์,รพ.จอมพระ,10917.0,สุรินทร์,30.5,26.1
TH3202,สุรินทร์,ชุมพลบุรี,รพ.พยัคฆภูมิพิสัย,11057.0,มหาสารคาม,35.73,43.6
TH3203,สุรินทร์,ท่าตูม,รพ.จอมพระ,10917.0,สุรินทร์,25.12,20.3
TH3204,สุรินทร์,จอมพระ,รพ.จอมพระ,10917.0,สุรินทร์,8.97,9.6
TH3205,สุรินทร์,ปราสาท,รพ.จอมพระ,10917.0,สุรินทร์,64.15,50.7
TH3206,สุรินทร์,กาบเชิง,รพ.จอมพระ,10917.0,สุรินทร์,87.93,74.5
TH3207,สุรินทร์,รัตนบุรี,รพ.จอมพระ,10917.0,สุรินทร์,52.12,56.8
TH3208,สุรินทร์,สนม,รพ.จอมพระ,10917.0,สุรินทร์,27.32,28.8
TH3209,สุรินทร์,ศีขรภูมิ,รพ.จอมพระ,10917.0,สุรินทร์,31.75,38.3
TH3210,สุรินทร์,สังขะ,รพ.จอมพระ,10917.0,สุรินทร์,90.0,93.1
TH3211,สุรินทร์,ลำดวน,รพ.จอมพระ,10917.0,สุรินทร์,57.52,52.3
TH3212,สุรินทร์,สำโรงทาบ,รพ.ศรีสะเกษ,10700.0,ศรีสะเกษ,53.8,51.2
TH3213,สุรินทร์,บัวเชด,รพ.ศรีสะเกษ,10700.0,ศรีสะเกษ,101.78,99.0
TH3214,สุรินทร์,พนมดงรัก,รพ.ละหานทราย,10899.0,บุรีรัมย์,57.33,54.3
TH3215,สุรินทร์,ศรีณรงค์,รพ.จอมพระ,10917.0,สุรินทร์,60.19,81.5
TH3216,สุรินทร์,เขวาสินรินทร์,รพ.จอมพระ,10917.0,สุรินทร์,24.05,27.5
TH3217,สุรินทร์,โนนนารายณ์,รพ.จอมพระ,10917.0,สุรินทร์,42.19,49.4
TH3301,ศรีสะเกษ,เมืองศรีสะเกษ,รพ.ศรีสะเกษ,10700.0,ศรีสะเกษ,6.8,8.4
TH3302,ศรีสะเกษ,ยางชุมน้อย,รพ.ศรีสะเกษ,10700.0,ศรีสะเกษ,25.5,40.5
TH3303,ศรีสะเกษ,กันทรารมย์,รพ.ศรีสะเกษ,10700.0,ศรีสะเกษ,31.95,31.4
TH3304,ศรีสะเกษ,กันทรลักษ์,รพ.ศรีสะเกษ,10700.0,ศรีสะเกษ,80.34,86.4
TH3305,ศรีสะเกษ,ขุขันธ์,รพ.ศรีสะเกษ,10700.0,ศรีสะเกษ,54.59,55.2
TH3306,ศรีสะเกษ,ไพรบึง,รพ.ศรีสะเกษ,10700.0,ศรีสะเกษ,42.85,44.8
TH3307,ศรีสะเกษ,ปรางค์กู่,รพ.ศรีสะเกษ,10700.0,ศรีสะเกษ,54.33,65.4
TH3308,ศรีสะเกษ,ขุนหาญ,รพ.ศรีสะเกษ,10700.0,ศรีสะเกษ,72.28,98.7
TH3309,ศรีสะเกษ,ราษีไศล,รพ.ศรีสะเกษ,10700.0,ศรีสะเกษ,43.31,49.7
TH3310,ศรีสะเกษ,อุทุมพรพิสัย,รพ.ศรีสะเกษ,10700.0,ศรีสะเกษ,21.5,25.8
TH3311,ศรีสะเกษ,บึงบูรพ์,รพ.ศรีสะเกษ,10700.0,ศรีสะเกษ,42.45,50.4
TH3312,ศรีสะเกษ,ห้วยทับทัน,รพ.ศรีสะเกษ,10700.0,ศรีสะเกษ,40.44,44.8
TH3313,ศรีสะเกษ,โนนคูณ,รพ.ศรีสะเกษ,10700.0,ศรีสะเกษ,56.26,64.9
TH3314,ศรีสะเกษ,ศรีรัตนะ,รพ.ศรีสะเกษ,10700.0,ศรีสะเกษ,41.07,45.0
TH3315,ศรีสะเกษ,น้ำเกลี้ยง,รพ.ศรีสะเกษ,10700.0,ศรีสะเกษ,49.22,56.6
TH3316,ศรีสะเกษ,วังหิน,รพ.ศรีสะเกษ,10700.0,ศรีสะเกษ,21.63,21.3
TH3317,ศรีสะเกษ,ภูสิงห์,รพ.ศรีสะเกษ,10700.0,ศรีสะเกษ,90.22,92.7
TH3318,ศรีสะเกษ,เมืองจันทร์,รพ.ศรีสะเกษ,10700.0,ศรีสะเกษ,38.95,46.6
TH3319,ศรีสะเกษ,เบญจลักษ์,รพ.ศรีสะเกษ,10700.0,ศรีสะเกษ,83.45,78.0
TH3320,ศรีสะเกษ,พยุห์,รพ.ศรีสะเกษ,10700.0,ศรีสะเกษ,30.27,33.0
TH3321,ศรีสะเกษ,โพธิ์ศรีสุวรรณ,รพ.ศรีสะเกษ,10700.0,ศรีสะเกษ,31.55,32.1
TH3322,ศรีสะเกษ,ศิลาลาด,รพ.พนมไพร,11065.0,ร้อยเอ็ด,34.95,48.7
TH3401,อุบลราชธานี,เมืองอุบลราชธานี,รพ.ศรีสะเกษ,10700.0,ศรีสะเกษ,72.71,69.0
TH3402,อุบลราชธานี,ศรีเมืองใหม่,รพ.อำนาจเจริญ,10703.0,อำนาจเจริญ,109.64,127.4
TH3403,อุบลราชธานี,โขงเจียม,รพ.อำนาจเจริญ,10703.0,อำนาจเจริญ,136.36,143.2
TH3404,อุบลราชธานี,เขื่องใน,รพ.ศรีสะเกษ,10700.0,ศรีสะเกษ,51.4,58.3
TH3405,อุบลราชธานี,เขมราฐ,รพ.อำนาจเจริญ,10703.0,อำนาจเจริญ,59.46,80.5
TH3407,อุบลราชธานี,เดชอุดม,รพ.ศรีสะเกษ,10700.0,ศรีสะเกษ,112.11,98.1
TH3408,อุบลราชธานี,นาจะหลวย,รพ.ศรีสะเกษ,10700.0,ศรีสะเกษ,148.96,155.0
TH3409,อุบลราชธานี,น้ำยืน,รพ.ศรีสะเกษ,10700.0,ศรีสะเกษ,135.27,150.0
TH3410,อุบลราชธานี,บุณฑริก,รพ.ศรีสะเกษ,10700.0,ศรีสะเกษ,158.06,163.6
TH3411,อุบลราชธานี,ตระการพืชผล,รพ.อำนาจเจริญ,10703.0,อำนาจเจริญ,68.76,71.3
TH3412,อุบลราชธานี,กุดข้าวปุ้น,รพ.อำนาจเจริญ,10703.0,อำนาจเจริญ,57.76,75.2
TH3414,อุบลราชธานี,ม่วงสามสิบ,รพ.อำนาจเจริญ,10703.0,อำนาจเจริญ,43.06,35.0
TH3415,อุบลราชธานี,วารินชำราบ,รพ.ศรีสะเกษ,10700.0,ศรีสะเกษ,65.79,71.7
TH3419,อุบลราชธานี,พิบูลมังสาหาร,รพ.ศรีสะเกษ,10700.0,ศรีสะเกษ,106.69,107.2
TH3420,อุบลราชธานี,ตาลสุม,รพ.อำนาจเจริญ,10703.0,อำนาจเจริญ,116.91,115.1
TH3421,อุบลราชธานี,โพธิ์ไทร,รพ.อำนาจเจริญ,10703.0,อำนาจเจริญ,95.84,119.2
TH3422,อุบลราชธานี,สำโรง,รพ.ศรีสะเกษ,10700.0,ศรีสะเกษ,72.91,86.7
TH3424,อุบลราชธานี,ดอนมดแดง,รพ.อำนาจเจริญ,10703.0,อำนาจเจริญ,88.2,90.6
TH3425,อุบลราชธานี,สิรินธร,รพ.ศรีสะเกษ,10700.0,ศรีสะเกษ,153.79,158.1
TH3426,อุบลราชธานี,ทุ่งศรีอุดม,รพ.ศรีสะเกษ,10700.0,ศรีสะเกษ,108.58,98.1
TH3429,อุบลราชธานี,นาเยีย,รพ.ศรีสะเกษ,10700.0,ศรีสะเกษ,94.76,92.0
TH3430,อุบลราชธานี,นาตาล,รพ.อำนาจเจริญ,10703.0,อำนาจเจริญ,90.88,89.3
TH3431,อุบลราชธานี,เหล่าเสือโก้ก,รพ.อำนาจเจริญ,10703.0,อำนาจเจริญ,74.77,80.9
TH3432,อุบลราชธานี,สว่างวีระวงศ์,รพ.ศรีสะเกษ,10700.0,ศรีสะเกษ,83.97,80.2
TH3433,อุบลราชธานี,น้ำขุ่น,รพ.ศรีสะเกษ,10700.0,ศรีสะเกษ,96.87,122.2
TH3501,ยโสธร,เมืองยโสธร,รพ.พนมไพร,11065.0,ร้อยเอ็ด,33.22,35.3
TH3502,ยโสธร,ทรายมูล,รพ.เสลภูมิ,11069.0,ร้อยเอ็ด,38.03,46.8
TH3503,ยโสธร,กุดชุม,รพร.เลิงนกทา,11444.0,ยโสธร,38.53,47.6
TH3504,ยโสธร,คำเขื่อนแก้ว,รพ.พนมไพร,11065.0,ร้อยเอ็ด,53.01,44.0
TH3505,ยโสธร,ป่าติ้ว,รพ.อำนาจเจริญ,10703.0,อำนาจเจริญ,30.51,29.5
TH3506,ยโสธร,มหาชนะชัย,รพ.พนมไพร,11065.0,ร้อยเอ็ด,28.02,36.5
TH3507,ยโสธร,ค้อวัง,รพ.ศรีสะเกษ,10700.0,ศรีสะเกษ,36.52,44.8
TH3508,ยโสธร,เลิงนกทา,รพร.เลิงนกทา,11444.0,ยโสธร,5.42,7.1
TH3509,ยโสธร,ไทยเจริญ,รพร.เลิงนกทา,11444.0,ยโสธร,18.39,22.3
TH3601,ชัยภูมิ,เมืองชัยภูมิ,รพ.ชัยภูมิ,10702.0,ชัยภูมิ,17.17,20.7
TH3602,ชัยภูมิ,บ้านเขว้า,รพ.ชัยภูมิ,10702.0,ชัยภูมิ,24.85,24.7
TH3603,ชัยภูมิ,คอนสวรรค์,รพ.แก้งคร้อ,10980.0,ชัยภูมิ,23.11,25.1
TH3604,ชัยภูมิ,เกษตรสมบูรณ์,รพ.ชุมแพ,10998.0,ขอนแก่น,44.32,41.4
TH3605,ชัยภูมิ,หนองบัวแดง,รพ.ชัยภูมิ,10702.0,ชัยภูมิ,79.62,124.8
TH3606,ชัยภูมิ,จัตุรัส,รพ.จัตุรัส,10974.0,ชัยภูมิ,6.58,9.4
TH3607,ชัยภูมิ,บำเหน็จณรงค์,รพ.บำเหน็จณรงค์,10975.0,ชัยภูมิ,7.83,21.9
TH3608,ชัยภูมิ,หนองบัวระเหว,รพ.ซับใหญ่,4007.0,ชัยภูมิ,41.28,42.5
TH3609,ชัยภูมิ,เทพสถิต,รพ.ซับใหญ่,4007.0,ชัยภูมิ,38.86,56.2
TH3610,ชัยภูมิ,ภูเขียว,คลินิกหมอศุภโชค คลินิกเฉพาะทางด้านเวชกรรมสูตินรีเวช,44788.0,ชัยภูมิ,29.12,21.5
TH3611,ชัยภูมิ,บ้านแท่น,คลินิกหมอศุภโชค คลินิกเฉพาะทางด้านเวชกรรมสูตินรีเวช,44788.0,ชัยภูมิ,33.83,37.1
TH3612,ชัยภูมิ,แก้งคร้อ,คลินิกหมอศุภโชค คลินิกเฉพาะทางด้านเวชกรรมสูตินรีเวช,44788.0,ชัยภูมิ,8.21,11.0
TH3613,ชัยภูมิ,คอนสาร,รพ.ชุมแพ,10998.0,ขอนแก่น,41.59,59.9
TH3614,ชัยภูมิ,ภักดีชุมพล,รพ.ซับใหญ่,4007.0,ชัยภูมิ,63.39,79.5
TH3615,ชัยภูมิ,เนินสง่า,รพ.จัตุรัส,10974.0,ชัยภูมิ,19.37,21.4
TH3616,ชัยภูมิ,ซับใหญ่,รพ.ซับใหญ่,4007.0,ชัยภูมิ,3.08,7.4
TH3701,อำนาจเจริญ,เมืองอำนาจเจริญ,รพ.อำนาจเจริญ,10703.0,อำนาจเจริญ,2.68,4.0
TH3702,อำนาจเจริญ,ชานุมาน,รพ.เสนางคนิคม,10988.0,อำนาจเจริญ,36.8,79.4
TH3703,อำนาจเจริญ,ปทุมราชวงศา,รพ.อำนาจเจริญ,10703.0,อำนาจเจริญ,31.85,35.6
TH3704,อำนาจเจริญ,พนา,รพ.อำนาจเจริญ,10703.0,อำนาจเจริญ,44.37,42.0
TH3705,อำนาจเจริญ,เสนางคนิคม,รพ.เสนางคนิคม,10988.0,อำนาจเจริญ,0.3,1.1
TH3706,อำนาจเจริญ,หัวตะพาน,รพ.อำนาจเจริญ,10703.0,อำนาจเจริญ,40.33,38.4
TH3707,อำนาจเจริญ,ลืออำนาจ,รพ.อำนาจเจริญ,10703.0,อำนาจเจริญ,26.46,25.9
TH3801,บึงกาฬ,เมืองบึงกาฬ,รพ.พระอาจารย์มั่น ภูริทัตโต,11097.0,สกลนคร,66.33,74.5
TH3802,บึงกาฬ,พรเจริญ,รพ.พระอาจารย์มั่น ภูริทัตโต,11097.0,สกลนคร,44.85,63.4
TH3803,บึงกาฬ,โซ่พิสัย,รพ.พระอาจารย์มั่น ภูริทัตโต,11097.0,สกลนคร,47.83,68.0
TH3804,บึงกาฬ,เซกา,รพ.เซกา,11046.0,บึงกาฬ,16.62,29.5
TH3805,บึงกาฬ,ปากคาด,รพ.โพนพิสัย,11042.0,หนองคาย,47.5,52.3
TH3806,บึงกาฬ,บึงโขงหลง,รพ.เซกา,11046.0,บึงกาฬ,22.92,27.5
TH3807,บึงกาฬ,ศรีวิไล,รพ.พระอาจารย์มั่น ภูริทัตโต,11097.0,สกลนคร,55.07,67.6
TH3808,บึงกาฬ,บุ่งคล้า,รพ.เซกา,11046.0,บึงกาฬ,61.52,76.3
TH3901,หนองบัวลำภู,เมืองหนองบัวลำภู,รพ.อุดรธานี,10671.0,อุดรธานี,58.79,67.9
TH3902,หนองบัวลำภู,นากลาง,รพ.วังสะพุง,11036.0,เลย,51.27,49.3
TH3903,หนองบัวลำภู,โนนสัง,รพ.น้ำพอง,11000.0,ขอนแก่น,60.9,78.0
TH3904,หนองบัวลำภู,ศรีบุญเรือง,รพ.ชุมแพ,10998.0,ขอนแก่น,62.58,60.1
TH3905,หนองบัวลำภู,สุวรรณคูหา,รพร.ท่าบ่อ,11448.0,หนองคาย,62.73,82.3
TH3906,หนองบัวลำภู,นาวัง,รพ.วังสะพุง,11036.0,เลย,38.92,40.7
TH4001,ขอนแก่น,เมืองขอนแก่น,คลินิกเวชกรรม สวท ขอนแก่น,38877.0,ขอนแก่น,4.37,6.6
TH4002,ขอนแก่น,บ้านฝาง,คลินิกเวชกรรม สวท ขอนแก่น,38877.0,ขอนแก่น,36.08,39.0
TH4003,ขอนแก่น,พระยืน,คลินิกเวชกรรม สวท ขอนแก่น,38877.0,ขอนแก่น,28.33,38.6
TH4004,ขอนแก่น,หนองเรือ,รพ.ชุมแพ,10998.0,ขอนแก่น,38.51,30.2
TH4005,ขอนแก่น,ชุมแพ,รพ.ชุมแพ,10998.0,ขอนแก่น,22.23,24.0
TH4006,ขอนแก่น,สีชมพู,รพ.ชุมแพ,10998.0,ขอนแก่น,29.96,41.0
TH4007,ขอนแก่น,น้ำพอง,รพ.น้ำพอง,11000.0,ขอนแก่น,11.46,13.9
TH4008,ขอนแก่น,อุบลรัตน์,รพ.น้ำพอง,11000.0,ขอนแก่น,22.37,45.3
TH4009,ขอนแก่น,กระนวน,รพ.น้ำพอง,11000.0,ขอนแก่น,39.14,45.9
TH4010,ขอนแก่น,บ้านไผ่,รพ.บ้านไผ่,11002.0,ขอนแก่น,14.36,29.0
TH4011,ขอนแก่น,เปือยน้อย,รพ.บ้านไผ่,11002.0,ขอนแก่น,37.48,43.6
TH4012,ขอนแก่น,พล,รพ.บ้านไผ่,11002.0,ขอนแก่น,36.35,29.8
TH4013,ขอนแก่น,แวงใหญ่,รพ.แก้งคร้อ,10980.0,ชัยภูมิ,39.86,59.5
TH4014,ขอนแก่น,แวงน้อย,รพ.บัวใหญ่,10881.0,นครราชสีมา,33.48,42.3
TH4015,ขอนแก่น,หนองสองห้อง,รพ.บ้านไผ่,11002.0,ขอนแก่น,51.48,63.2
TH4016,ขอนแก่น,ภูเวียง,รพ.ชุมแพ,10998.0,ขอนแก่น,53.51,62.9
TH4017,ขอนแก่น,มัญจาคีรี,รพ.บ้านไผ่,11002.0,ขอนแก่น,45.57,47.9
TH4018,ขอนแก่น,ชนบท,รพ.บ้านไผ่,11002.0,ขอนแก่น,34.89,52.8
TH4019,ขอนแก่น,เขาสวนกวาง,รพ.น้ำพอง,11000.0,ขอนแก่น,33.5,50.7
TH4020,ขอนแก่น,ภูผาม่าน,รพ.ชุมแพ,10998.0,ขอนแก่น,47.38,63.3
TH4021,ขอนแก่น,ซำสูง,รพ.ส่งเสริมสุขภาพ ศูนย์อนามัยที่ 7,12273.0,ขอนแก่น,35.45,48.2
TH4022,ขอนแก่น,โคกโพธิ์ไชย,รพ.แก้งคร้อ,10980.0,ชัยภูมิ,18.88,29.2
TH4023,ขอนแก่น,หนองนาคำ,รพ.ชุมแพ,10998.0,ขอนแก่น,68.11,68.5
TH4024,ขอนแก่น,บ้านแฮด,รพ.บ้านไผ่,11002.0,ขอนแก่น,13.18,13.6
TH4025,ขอนแก่น,โนนศิลา,รพ.บ้านไผ่,11002.0,ขอนแก่น,18.64,24.0
TH4029,ขอนแก่น,เวียงเก่า,รพ.ชุมแพ,10998.0,ขอนแก่น,58.34,64.8
TH4101,อุดรธานี,เมืองอุดรธานี,รพ.อุดรธานี,10671.0,อุดรธานี,7.02,14.8
TH4102,อุดรธานี,กุดจับ,รพ.อุดรธานี,10671.0,อุดรธานี,31.4,35.4
TH4103,อุดรธานี,หนองวัวซอ,รพ.อุดรธานี,10671.0,อุดรธานี,38.22,41.5
TH4104,อุดรธานี,กุมภวาปี,รพ.กุมภวาปี,11015.0,อุดรธานี,4.6,7.8
TH4105,อุดรธานี,โนนสะอาด,รพ.กุมภวาปี,11015.0,อุดรธานี,31.9,31.2
TH4106,อุดรธานี,หนองหาน,รพ.กุมภวาปี,11015.0,อุดรธานี,36.52,41.5
TH4107,อุดรธานี,ทุ่งฝน,รพร.สว่างแดนดิน,11450.0,สกลนคร,40.31,59.8
TH4108,อุดรธานี,ไชยวาน,รพร.สว่างแดนดิน,11450.0,สกลนคร,45.31,46.4
TH4109,อุดรธานี,ศรีธาตุ,รพ.กุมภวาปี,11015.0,อุดรธานี,23.49,39.3
TH4110,อุดรธานี,วังสามหมอ,รพ.สมเด็จ,11087.0,กาฬสินธุ์,51.68,68.3
TH4111,อุดรธานี,บ้านดุง,รพร.สว่างแดนดิน,11450.0,สกลนคร,37.98,52.6
TH4117,อุดรธานี,บ้านผือ,รพร.ท่าบ่อ,11448.0,หนองคาย,29.07,33.3
TH4118,อุดรธานี,น้ำโสม,รพร.ท่าบ่อ,11448.0,หนองคาย,60.08,73.9
TH4119,อุดรธานี,เพ็ญ,รพ.หนองคาย,10706.0,หนองคาย,47.4,51.0
TH4120,อุดรธานี,สร้างคอม,รพ.โพนพิสัย,11042.0,หนองคาย,43.15,48.5
TH4121,อุดรธานี,หนองแสง,รพ.กุมภวาปี,11015.0,อุดรธานี,35.8,37.8
TH4122,อุดรธานี,นายูง,รพร.ท่าบ่อ,11448.0,หนองคาย,78.81,89.0
TH4123,อุดรธานี,พิบูลย์รักษ์,รพ.อุดรธานี,10671.0,อุดรธานี,44.62,54.9
TH4124,อุดรธานี,กู่แก้ว,รพ.กุมภวาปี,11015.0,อุดรธานี,20.18,28.9
TH4125,อุดรธานี,ประจักษ์ศิลปาคม,รพ.กุมภวาปี,11015.0,อุดรธานี,29.29,44.2
TH4201,เลย,เมืองเลย,รพ.เลย,10705.0,เลย,9.09,17.1
TH4202,เลย,นาด้วง,รพ.เลย,10705.0,เลย,42.25,71.4
TH4203,เลย,เชียงคาน,รพ.เชียงคาน,11031.0,เลย,9.74,26.8
TH4204,เลย,ปากชม,รพ.เชียงคาน,11031.0,เลย,53.86,55.2
TH4205,เลย,ด่านซ้าย,รพร.ด่านซ้าย,11447.0,เลย,37.33,68.1
TH4206,เลย,นาแห้ว,รพร.ด่านซ้าย,11447.0,เลย,28.43,28.9
TH4207,เลย,ภูเรือ,รพ.เลย,10705.0,เลย,47.37,52.3
TH4208,เลย,ท่าลี่,รพ.เลย,10705.0,เลย,46.06,51.1
TH4209,เลย,วังสะพุง,รพ.วังสะพุง,11036.0,เลย,6.74,14.2
TH4210,เลย,ภูกระดึง,รพ.ชุมแพ,10998.0,ขอนแก่น,55.81,56.0
TH4211,เลย,ภูหลวง,รพ.วังสะพุง,11036.0,เลย,33.37,39.6
TH4212,เลย,ผาขาว,รพ.วังสะพุง,11036.0,เลย,45.57,50.0
TH4213,เลย,เอราวัณ,รพ.วังสะพุง,11036.0,เลย,27.66,32.3
TH4214,เลย,หนองหิน,รพ.วังสะพุง,11036.0,เลย,30.76,36.3
TH4301,หนองคาย,เมืองหนองคาย,รพ.หนองคาย,10706.0,หนองคาย,7.57,11.6
TH4302,หนองคาย,ท่าบ่อ,รพร.ท่าบ่อ,11448.0,หนองคาย,9.94,19.5
TH4305,หนองคาย,โพนพิสัย,รพ.โพนพิสัย,11042.0,หนองคาย,12.27,17.0
TH4307,หนองคาย,ศรีเชียงใหม่,รพร.ท่าบ่อ,11448.0,หนองคาย,22.35,22.9
TH4308,หนองคาย,สังคม,รพร.ท่าบ่อ,11448.0,หนองคาย,68.94,68.7
TH4314,หนองคาย,สระใคร,รพร.ท่าบ่อ,11448.0,หนองคาย,29.54,33.7
TH4315,หนองคาย,เฝ้าไร่,รพ.โพนพิสัย,11042.0,หนองคาย,31.1,39.5
TH4316,หนองคาย,รัตนวาปี,รพ.โพนพิสัย,11042.0,หนองคาย,33.43,45.7
TH4317,หนองคาย,โพธิ์ตาก,รพร.ท่าบ่อ,11448.0,หนองคาย,26.68,37.3
TH4401,มหาสารคาม,เมืองมหาสารคาม,รพ.สุทธาเวช คณะแพทยศาสตร์ มหาวิทยาลัยมหาสารคาม,22953.0,มหาสารคาม,18.67,27.3
TH4402,มหาสารคาม,แกดำ,รพ.สุทธาเวช คณะแพทยศาสตร์ มหาวิทยาลัยมหาสารคาม,22953.0,มหาสารคาม,26.3,32.5
TH4403,มหาสารคาม,โกสุมพิสัย,รพ.โกสุมพิสัย,11052.0,มหาสารคาม,9.31,10.1
TH4404,มหาสารคาม,กันทรวิชัย,รพ.สุทธาเวช คณะแพทยศาสตร์ มหาวิทยาลัยมหาสารคาม,22953.0,มหาสารคาม,16.54,20.1
TH4405,มหาสารคาม,เชียงยืน,รพ.โกสุมพิสัย,11052.0,มหาสารคาม,25.34,27.9
TH4406,มหาสารคาม,บรบือ,รพ.สุทธาเวช คณะแพทยศาสตร์ มหาวิทยาลัยมหาสารคาม,22953.0,มหาสารคาม,34.96,34.0
TH4407,มหาสารคาม,นาเชือก,รพ.พยัคฆภูมิพิสัย,11057.0,มหาสารคาม,40.57,41.4
TH4408,มหาสารคาม,พยัคฆภูมิพิสัย,รพ.พยัคฆภูมิพิสัย,11057.0,มหาสารคาม,4.51,7.5
TH4409,มหาสารคาม,วาปีปทุม,รพ.สุทธาเวช คณะแพทยศาสตร์ มหาวิทยาลัยมหาสารคาม,22953.0,มหาสารคาม,52.23,63.8
TH4410,มหาสารคาม,นาดูน,รพ.พยัคฆภูมิพิสัย,11057.0,มหาสารคาม,27.93,31.8
TH4411,มหาสารคาม,ยางสีสุราช,รพ.พยัคฆภูมิพิสัย,11057.0,มหาสารคาม,26.19,37.7
TH4412,มหาสารคาม,กุดรัง,รพ.บ้านไผ่,11002.0,ขอนแก่น,29.22,27.5
TH4413,มหาสารคาม,ชื่นชม,รพ.ส่งเสริมสุขภาพ ศูนย์อนามัยที่ 7,12273.0,ขอนแก่น,42.06,55.6
TH4501,ร้อยเอ็ด,เมืองร้อยเอ็ด,รพ.ร้อยเอ็ด,10708.0,ร้อยเอ็ด,6.43,9.2
TH4502,ร้อยเอ็ด,เกษตรวิสัย,รพ.เกษตรวิสัย,11061.0,ร้อยเอ็ด,9.86,10.8
TH4503,ร้อยเอ็ด,ปทุมรัตต์,รพ.เกษตรวิสัย,11061.0,ร้อยเอ็ด,26.67,29.5
TH4504,ร้อยเอ็ด,จตุรพักตรพิมาน,รพ.เกษตรวิสัย,11061.0,ร้อยเอ็ด,21.28,24.9
TH4505,ร้อยเอ็ด,ธวัชบุรี,รพ.ร้อยเอ็ด,10708.0,ร้อยเอ็ด,14.3,15.1
TH4506,ร้อยเอ็ด,พนมไพร,รพ.พนมไพร,11065.0,ร้อยเอ็ด,6.76,12.1
TH4507,ร้อยเอ็ด,โพนทอง,รพ.โพนทอง,11066.0,ร้อยเอ็ด,4.13,8.8
TH4508,ร้อยเอ็ด,โพธิ์ชัย,รพ.โพนทอง,11066.0,ร้อยเอ็ด,21.46,25.1
TH4509,ร้อยเอ็ด,หนองพอก,รพ.โพนทอง,11066.0,ร้อยเอ็ด,27.6,31.3
TH4510,ร้อยเอ็ด,เสลภูมิ,รพ.เสลภูมิ,11069.0,ร้อยเอ็ด,11.12,16.9
TH4511,ร้อยเอ็ด,สุวรรณภูมิ,รพ.เกษตรวิสัย,11061.0,ร้อยเอ็ด,30.72,23.6
TH4512,ร้อยเอ็ด,เมืองสรวง,รพ.ร้อยเอ็ด,10708.0,ร้อยเอ็ด,36.75,38.8
TH4513,ร้อยเอ็ด,โพนทราย,รพ.พนมไพร,11065.0,ร้อยเอ็ด,36.09,72.1
TH4514,ร้อยเอ็ด,อาจสามารถ,รพ.เสลภูมิ,11069.0,ร้อยเอ็ด,28.25,41.3
TH4515,ร้อยเอ็ด,เมยวดี,รพ.โพนทอง,11066.0,ร้อยเอ็ด,18.17,27.1
TH4516,ร้อยเอ็ด,ศรีสมเด็จ,รพ.ร้อยเอ็ด,10708.0,ร้อยเอ็ด,24.96,27.2
TH4517,ร้อยเอ็ด,จังหาร,คลินิกเฉพาะทางด้านเวชกรรมสูติศาสตร์และนรีเวชวิทยา หมออยุทธ์,41443.0,ร้อยเอ็ด,13.5,15.7
TH4518,ร้อยเอ็ด,เชียงขวัญ,คลินิกเฉพาะทางด้านเวชกรรมสูติศาสตร์และนรีเวชวิทยา หมออยุทธ์,41443.0,ร้อยเอ็ด,18.34,31.0
TH4519,ร้อยเอ็ด,หนองฮี,รพ.พนมไพร,11065.0,ร้อยเอ็ด,19.05,34.4
TH4520,ร้อยเอ็ด,ทุ่งเขาหลวง,รพ.เสลภูมิ,11069.0,ร้อยเอ็ด,11.74,19.8
TH4601,กาฬสินธุ์,เมืองกาฬสินธุ์,รพ.สมเด็จ,11087.0,กาฬสินธุ์,49.77,62.0
TH4602,กาฬสินธุ์,นามน,รพร.กุฉินารายณ์,11449.0,กาฬสินธุ์,34.04,39.3
TH4603,กาฬสินธุ์,กมลาไสย,คลินิกเฉพาะทางด้านเวชกรรมสูติศาสตร์และนรีเวชวิทยา หมออยุทธ์,41443.0,ร้อยเอ็ด,28.16,33.2
TH4604,กาฬสินธุ์,ร่องคำ,รพ.โพนทอง,11066.0,ร้อยเอ็ด,29.28,36.3
TH4605,กาฬสินธุ์,กุฉินารายณ์,รพร.กุฉินารายณ์,11449.0,กาฬสินธุ์,2.44,3.8
TH4606,กาฬสินธุ์,เขาวง,รพร.กุฉินารายณ์,11449.0,กาฬสินธุ์,21.16,23.8
TH4607,กาฬสินธุ์,ยางตลาด,รพ.สุทธาเวช คณะแพทยศาสตร์ มหาวิทยาลัยมหาสารคาม,22953.0,มหาสารคาม,38.77,45.1
TH4608,กาฬสินธุ์,ห้วยเม็ก,รพ.โกสุมพิสัย,11052.0,มหาสารคาม,56.18,66.0
TH4609,กาฬสินธุ์,สหัสขันธ์,รพ.สมเด็จ,11087.0,กาฬสินธุ์,32.0,51.8
TH4610,กาฬสินธุ์,คำม่วง,รพ.สมเด็จ,11087.0,กาฬสินธุ์,17.96,42.1
TH4611,กาฬสินธุ์,ท่าคันโท,รพ.กุมภวาปี,11015.0,อุดรธานี,44.05,52.0
TH4612,กาฬสินธุ์,หนองกุงศรี,รพ.สมเด็จ,11087.0,กาฬสินธุ์,60.41,87.9
TH4613,กาฬสินธุ์,สมเด็จ,รพ.สมเด็จ,11087.0,กาฬสินธุ์,10.23,21.7
TH4614,กาฬสินธุ์,ห้วยผึ้ง,รพร.กุฉินารายณ์,11449.0,กาฬสินธุ์,28.69,32.4
TH4615,กาฬสินธุ์,สามชัย,รพ.สมเด็จ,11087.0,กาฬสินธุ์,34.79,51.5
TH4616,กาฬสินธุ์,นาคู,รพร.กุฉินารายณ์,11449.0,กาฬสินธุ์,35.97,43.0
TH4617,กาฬสินธุ์,ดอนจาน,รพ.โพนทอง,11066.0,ร้อยเอ็ด,46.51,61.9
TH4618,กาฬสินธุ์,ฆ้องชัย,รพ.สุทธาเวช คณะแพทยศาสตร์ มหาวิทยาลัยมหาสารคาม,22953.0,มหาสารคาม,29.08,33.0
TH4701,สกลนคร,เมืองสกลนคร,รพ.รักษ์สกล,11968.0,สกลนคร,11.74,10.9
TH4702,สกลนคร,กุสุมาลย์,รพ.รักษ์สกล,11968.0,สกลนคร,43.43,40.3
TH4703,สกลนคร,กุดบาก,รพ.นิคมน้ำอูน,11094.0,สกลนคร,17.68,21.2
TH4704,สกลนคร,พรรณานิคม,รพ.รักษ์สกล,11968.0,สกลนคร,39.24,32.8
TH4705,สกลนคร,พังโคน,รพ.นิคมน้ำอูน,11094.0,สกลนคร,27.98,32.4
TH4706,สกลนคร,วาริชภูมิ,รพ.นิคมน้ำอูน,11094.0,สกลนคร,18.0,21.5
TH4707,สกลนคร,นิคมน้ำอูน,รพ.นิคมน้ำอูน,11094.0,สกลนคร,2.74,5.2
TH4708,สกลนคร,วานรนิวาส,รพ.วานรนิวาส,11095.0,สกลนคร,1.57,4.8
TH4709,สกลนคร,คำตากล้า,รพ.วานรนิวาส,11095.0,สกลนคร,35.21,43.7
TH4710,สกลนคร,บ้านม่วง,รพ.พระอาจารย์มั่น ภูริทัตโต,11097.0,สกลนคร,11.72,25.7
TH4711,สกลนคร,อากาศอำนวย,รพ.วานรนิวาส,11095.0,สกลนคร,28.74,37.0
TH4712,สกลนคร,สว่างแดนดิน,รพร.สว่างแดนดิน,11450.0,สกลนคร,2.03,5.8
TH4713,สกลนคร,ส่องดาว,รพร.สว่างแดนดิน,11450.0,สกลนคร,25.05,35.1
TH4714,สกลนคร,เต่างอย,รพ.รักษ์สกล,11968.0,สกลนคร,26.61,33.4
TH4715,สกลนคร,โคกศรีสุพรรณ,รพ.รักษ์สกล,11968.0,สกลนคร,26.86,25.8
TH4716,สกลนคร,เจริญศิลป์,รพร.สว่างแดนดิน,11450.0,สกลนคร,22.51,38.8
TH4717,สกลนคร,โพนนาแก้ว,รพ.รักษ์สกล,11968.0,สกลนคร,36.61,37.5
TH4718,สกลนคร,ภูพาน,รพ.สมเด็จ,11087.0,กาฬสินธุ์,45.55,58.1
TH4801,นครพนม,เมืองนครพนม,รพ.นครพนม,10711.0,นครพนม,33.67,26.1
TH4802,นครพนม,ปลาปาก,รพ.นครพนม,10711.0,นครพนม,44.06,42.7
TH4803,นครพนม,ท่าอุเทน,รพ.นครพนม,10711.0,นครพนม,49.36,54.5
TH4804,นครพนม,บ้านแพง,รพ.เซกา,11046.0,บึงกาฬ,48.69,54.5
TH4805,นครพนม,ธาตุพนม,รพร.ธาตุพนม,11451.0,นครพนม,6.5,9.8
TH4806,นครพนม,เรณูนคร,รพร.ธาตุพนม,11451.0,นครพนม,21.32,22.4
TH4807,นครพนม,นาแก,รพร.ธาตุพนม,11451.0,นครพนม,29.08,27.4
TH4808,นครพนม,ศรีสงคราม,รพ.เซกา,11046.0,บึงกาฬ,51.18,73.7
TH4809,นครพนม,นาหว้า,รพ.วานรนิวาส,11095.0,สกลนคร,48.23,57.0
TH4810,นครพนม,โพนสวรรค์,รพ.รักษ์สกล,11968.0,สกลนคร,62.57,58.8
TH4811,นครพนม,นาทม,รพ.เซกา,11046.0,บึงกาฬ,22.77,34.2
TH4812,นครพนม,วังยาง,รพร.ธาตุพนม,11451.0,นครพนม,46.27,57.4
TH4901,มุกดาหาร,เมืองมุกดาหาร,รพ.หว้านใหญ่,11117.0,มุกดาหาร,39.64,37.8
TH4902,มุกดาหาร,นิคมคำสร้อย,รพร.เลิงนกทา,11444.0,ยโสธร,26.95,34.7
TH4903,มุกดาหาร,ดอนตาล,รพร.เลิงนกทา,11444.0,ยโสธร,44.03,55.7
TH4904,มุกดาหาร,ดงหลวง,รพ.หว้านใหญ่,11117.0,มุกดาหาร,44.31,58.9
TH4905,มุกดาหาร,คำชะอี,รพร.กุฉินารายณ์,11449.0,กาฬสินธุ์,49.31,62.4
TH4906,มุกดาหาร,หว้านใหญ่,รพ.หว้านใหญ่,11117.0,มุกดาหาร,1.53,2.5
TH4907,มุกดาหาร,หนองสูง,รพร.กุฉินารายณ์,11449.0,กาฬสินธุ์,43.27,56.3
TH5001,เชียงใหม่,เมืองเชียงใหม่,คลินิกชุมชนเชียงใหม่เวชกรรม,41537.0,เชียงใหม่,3.02,5.0
TH5002,เชียงใหม่,จอมทอง,รพ.ขนาดใหญ่เชียงใหม่ใกล้หมอ,14550.0,เชียงใหม่,68.74,95.2
TH5003,เชียงใหม่,แม่แจ่ม,รพ.ขนาดใหญ่เชียงใหม่ใกล้หมอ,14550.0,เชียงใหม่,123.42,150.4
TH5004,เชียงใหม่,เชียงดาว,คลินิกชุมชนเชียงใหม่เวชกรรม,41537.0,เชียงใหม่,94.72,99.8
TH5005,เชียงใหม่,ดอยสะเก็ด,คลินิก สวท เวชกรรม,18645.0,เชียงใหม่,30.44,34.5
TH5006,เชียงใหม่,แม่แตง,คลินิกชุมชนเชียงใหม่เวชกรรม,41537.0,เชียงใหม่,52.29,61.9
TH5007,เชียงใหม่,แม่ริม,คลินิกชุมชนเชียงใหม่เวชกรรม,41537.0,เชียงใหม่,27.66,41.8
TH5008,เชียงใหม่,สะเมิง,รพ.ขนาดใหญ่เชียงใหม่ใกล้หมอ,14550.0,เชียงใหม่,57.5,65.8
TH5009,เชียงใหม่,ฝาง,รพ.แม่ฟ้าหลวง,11200.0,เชียงราย,108.46,122.2
TH5010,เชียงใหม่,แม่อาย,รพ.แม่ฟ้าหลวง,11200.0,เชียงราย,87.27,110.8
TH5011,เชียงใหม่,พร้าว,คลินิก สวท เวชกรรม,18645.0,เชียงใหม่,90.51,109.6
TH5012,เชียงใหม่,สันป่าตอง,รพ.ขนาดใหญ่เชียงใหม่ใกล้หมอ,14550.0,เชียงใหม่,20.31,22.9
TH5013,เชียงใหม่,สันกำแพง,คลินิก สวท เวชกรรม,18645.0,เชียงใหม่,18.47,24.8
TH5014,เชียงใหม่,สันทราย,คลินิก สวท เวชกรรม,18645.0,เชียงใหม่,23.32,45.5
TH5015,เชียงใหม่,หางดง,รพ.ขนาดใหญ่เชียงใหม่ใกล้หมอ,14550.0,เชียงใหม่,10.7,12.6
TH5016,เชียงใหม่,ฮอด,รพ.ลี้,11142.0,ลำพูน,105.51,133.8
TH5017,เชียงใหม่,ดอยเต่า,รพ.ลี้,11142.0,ลำพูน,58.91,61.0
TH5018,เชียงใหม่,อมก๋อย,รพ.ท่าสองยาง,11241.0,ตาก,126.19,209.2
TH5019,เชียงใหม่,สารภี,รพ.ส่งเสริมสุขภาพ ศูนย์อนามัยที่ 1,12279.0,เชียงใหม่,13.58,17.6
TH5020,เชียงใหม่,เวียงแหง,คลินิกชุมชนเชียงใหม่เวชกรรม,41537.0,เชียงใหม่,148.96,165.2
TH5021,เชียงใหม่,ไชยปราการ,รพ.เชียงรายประชานุเคราะห์,10674.0,เชียงราย,125.71,124.9
TH5022,เชียงใหม่,แม่วาง,รพ.ขนาดใหญ่เชียงใหม่ใกล้หมอ,14550.0,เชียงใหม่,48.76,60.7
TH5023,เชียงใหม่,แม่ออน,คลินิก สวท เวชกรรม,18645.0,เชียงใหม่,41.38,53.8
TH5024,เชียงใหม่,ดอยหล่อ,รพ.ขนาดใหญ่เชียงใหม่ใกล้หมอ,14550.0,เชียงใหม่,41.54,47.2
TH5025,เชียงใหม่,กัลยาณิวัฒนา,รพ.ขนาดใหญ่เชียงใหม่ใกล้หมอ,14550.0,เชียงใหม่,129.84,152.2
TH5101,ลำพูน,เมืองลำพูน,รพ.ส่งเสริมสุขภาพ ศูนย์อนามัยที่ 1,12279.0,เชียงใหม่,32.42,32.9
TH5102,ลำพูน,แม่ทา,รพ.ส่งเสริมสุขภาพ ศูนย์อนามัยที่ 1,12279.0,เชียงใหม่,59.96,70.9
TH5103,ลำพูน,บ้านโฮ่ง,รพ.ลี้,11142.0,ลำพูน,62.67,59.8
TH5104,ลำพูน,ลี้,รพ.ลี้,11142.0,ลำพูน,7.36,10.4
TH5105,ลำพูน,ทุ่งหัวช้าง,รพ.ลี้,11142.0,ลำพูน,37.92,45.6
TH5106,ลำพูน,ป่าซาง,รพ.ขนาดใหญ่เชียงใหม่ใกล้หมอ,14550.0,เชียงใหม่,46.72,49.9
TH5107,ลำพูน,บ้านธิ,รพ.ส่งเสริมสุขภาพ ศูนย์อนามัยที่ 1,12279.0,เชียงใหม่,27.33,31.9
TH5108,ลำพูน,เวียงหนองล่อง,รพ.ขนาดใหญ่เชียงใหม่ใกล้หมอ,14550.0,เชียงใหม่,51.61,53.6
TH5201,ลำปาง,เมืองลำปาง,รพ.ลำปาง,10672.0,ลำปาง,16.39,21.3
TH5202,ลำปาง,แม่เมาะ,รพ.ลำปาง,10672.0,ลำปาง,55.26,82.9
TH5203,ลำปาง,เกาะคา,คลินิก สวท เวชกรรม ลำปาง,40854.0,ลำปาง,25.25,28.0
TH5204,ลำปาง,เสริมงาม,คลินิก สวท เวชกรรม ลำปาง,40854.0,ลำปาง,48.27,60.5
TH5205,ลำปาง,งาว,รพ.พะเยา,10717.0,พะเยา,57.75,49.3
TH5206,ลำปาง,แจ้ห่ม,รพ.ลำปาง,10672.0,ลำปาง,73.22,85.4
TH5207,ลำปาง,วังเหนือ,รพ.พะเยา,10717.0,พะเยา,60.92,68.8
TH5208,ลำปาง,เถิน,รพ.ลี้,11142.0,ลำพูน,69.9,71.0
TH5209,ลำปาง,แม่พริก,รพ.ลี้,11142.0,ลำพูน,82.86,79.5
TH5210,ลำปาง,แม่ทะ,รพ.ลำปาง,10672.0,ลำปาง,34.01,50.5
TH5211,ลำปาง,สบปราบ,คลินิก สวท เวชกรรม ลำปาง,40854.0,ลำปาง,53.08,39.4
TH5212,ลำปาง,ห้างฉัตร,คลินิก สวท เวชกรรม ลำปาง,40854.0,ลำปาง,27.31,42.9
TH5213,ลำปาง,เมืองปาน,คลินิก สวท เวชกรรม,18645.0,เชียงใหม่,98.48,137.6
TH5301,อุตรดิตถ์,เมืองอุตรดิตถ์,รพ.แพร่,10715.0,แพร่,75.0,72.1
TH5302,อุตรดิตถ์,ตรอน,รพ.ศรีสังวรสุโขทัย,10725.0,สุโขทัย,55.77,61.1
TH5303,อุตรดิตถ์,ท่าปลา,รพ.แพร่,10715.0,แพร่,103.16,107.8
TH5304,อุตรดิตถ์,น้ำปาด,รพ.บ้านโคก,11162.0,อุตรดิตถ์,72.54,79.7
TH5305,อุตรดิตถ์,ฟากท่า,รพ.บ้านโคก,11162.0,อุตรดิตถ์,44.98,52.3
TH5306,อุตรดิตถ์,บ้านโคก,รพ.บ้านโคก,11162.0,อุตรดิตถ์,18.63,32.8
TH5307,อุตรดิตถ์,พิชัย,รพ.ศรีสังวรสุโขทัย,10725.0,สุโขทัย,43.29,60.1
TH5308,อุตรดิตถ์,ลับแล,รพ.ศรีสังวรสุโขทัย,10725.0,สุโขทัย,73.69,82.8
TH5309,อุตรดิตถ์,ทองแสนขัน,รพ.ศรีสังวรสุโขทัย,10725.0,สุโขทัย,90.95,99.7
TH5401,แพร่,เมืองแพร่,รพ.แพร่,10715.0,แพร่,30.81,48.9
TH5402,แพร่,ร้องกวาง,รพ.แพร่,10715.0,แพร่,37.29,36.9
TH5403,แพร่,ลอง,รพ.แพร่,10715.0,แพร่,32.79,44.8
TH5404,แพร่,สูงเม่น,รพ.แพร่,10715.0,แพร่,17.22,26.4
TH5405,แพร่,เด่นชัย,รพ.แพร่,10715.0,แพร่,39.88,55.6
TH5406,แพร่,สอง,รพ.แพร่,10715.0,แพร่,69.11,66.5
TH5407,แพร่,วังชิ้น,รพ.ลำปาง,10672.0,ลำปาง,68.63,90.1
TH5408,แพร่,หนองม่วงไข่,รพ.แพร่,10715.0,แพร่,29.14,45.8
TH5501,น่าน,เมืองน่าน,รพ.บ่อเกลือ,11182.0,น่าน,106.78,130.4
TH5502,น่าน,แม่จริม,รพ.บ่อเกลือ,11182.0,น่าน,125.19,135.5
TH5503,น่าน,บ้านหลวง,รพ.พะเยา,10717.0,พะเยา,108.9,124.7
TH5504,น่าน,นาน้อย,รพ.บ้านโคก,11162.0,อุตรดิตถ์,98.28,117.5
TH5505,น่าน,ปัว,รพ.บ่อเกลือ,11182.0,น่าน,40.78,45.2
TH5506,น่าน,ท่าวังผา,รพ.บ่อเกลือ,11182.0,น่าน,69.3,78.2
TH5507,น่าน,เวียงสา,รพ.แพร่,10715.0,แพร่,94.0,75.8
TH5508,น่าน,ทุ่งช้าง,รพ.บ่อเกลือ,11182.0,น่าน,81.83,86.6
TH5509,น่าน,เชียงกลาง,รพ.บ่อเกลือ,11182.0,น่าน,59.75,75.5
TH5510,น่าน,นาหมื่น,รพ.แพร่,10715.0,แพร่,75.69,110.2
TH5511,น่าน,สันติสุข,รพ.บ่อเกลือ,11182.0,น่าน,57.69,63.5
TH5512,น่าน,บ่อเกลือ,รพ.บ่อเกลือ,11182.0,น่าน,3.77,4.8
TH5513,น่าน,สองแคว,รพ.เชียงคำ,10718.0,พะเยา,74.72,100.3
TH5514,น่าน,ภูเพียง,รพ.บ่อเกลือ,11182.0,น่าน,80.46,109.1
TH5515,น่าน,เฉลิมพระเกียรติ,รพ.บ่อเกลือ,11182.0,น่าน,48.81,53.7
TH5601,พะเยา,เมืองพะเยา,รพ.พะเยา,10717.0,พะเยา,12.2,16.5
TH5602,พะเยา,จุน,รพ.เชียงคำ,10718.0,พะเยา,26.76,30.2
TH5603,พะเยา,เชียงคำ,รพ.เชียงคำ,10718.0,พะเยา,13.09,25.5
TH5604,พะเยา,เชียงม่วน,รพ.พะเยา,10717.0,พะเยา,81.66,94.2
TH5605,พะเยา,ดอกคำใต้,รพ.พะเยา,10717.0,พะเยา,24.71,26.2
TH5606,พะเยา,ปง,รพ.เชียงคำ,10718.0,พะเยา,47.48,78.9
TH5607,พะเยา,แม่ใจ,รพ.พาน,11190.0,เชียงราย,18.64,14.0
TH5608,พะเยา,ภูซาง,รพ.เชียงคำ,10718.0,พะเยา,16.93,23.2
TH5609,พะเยา,ภูกามยาว,รพ.พะเยา,10717.0,พะเยา,26.46,38.8
TH5701,เชียงราย,เมืองเชียงราย,รพ.เชียงรายประชานุเคราะห์,10674.0,เชียงราย,16.3,25.9
TH5702,เชียงราย,เวียงชัย,รพ.เชียงรายประชานุเคราะห์,10674.0,เชียงราย,31.44,34.7
TH5703,เชียงราย,เชียงของ,รพ.ศูนย์การแพทย์มหาวิทยาลัยแม่ฟ้าหลวง,41509.0,เชียงราย,77.85,86.4
TH5704,เชียงราย,เทิง,รพ.เชียงคำ,10718.0,พะเยา,30.67,29.7
TH5705,เชียงราย,พาน,รพ.พาน,11190.0,เชียงราย,7.41,6.7
TH5706,เชียงราย,ป่าแดด,รพ.พาน,11190.0,เชียงราย,36.67,38.5
TH5707,เชียงราย,แม่จัน,รพ.ศูนย์การแพทย์มหาวิทยาลัยแม่ฟ้าหลวง,41509.0,เชียงราย,23.78,31.0
TH5708,เชียงราย,เชียงแสน,รพ.ศูนย์การแพทย์มหาวิทยาลัยแม่ฟ้าหลวง,41509.0,เชียงราย,58.43,63.9
TH5709,เชียงราย,แม่สาย,รพ.ศูนย์การแพทย์มหาวิทยาลัยแม่ฟ้าหลวง,41509.0,เชียงราย,45.18,40.4
TH5710,เชียงราย,แม่สรวย,รพ.เชียงรายประชานุเคราะห์,10674.0,เชียงราย,62.23,75.3
TH5711,เชียงราย,เวียงป่าเป้า,รพ.พะเยา,10717.0,พะเยา,93.54,104.6
TH5712,เชียงราย,พญาเม็งราย,คลินิกเฉพาะทางด้านเวชกรรม สวท เชียงราย,40846.0,เชียงราย,45.46,36.3
TH5713,เชียงราย,เวียงแก่น,รพ.เชียงคำ,10718.0,พะเยา,77.19,80.8
TH5714,เชียงราย,ขุนตาล,รพ.เชียงคำ,10718.0,พะเยา,54.41,52.1
TH5715,เชียงราย,แม่ฟ้าหลวง,รพ.แม่ฟ้าหลวง,11200.0,เชียงราย,5.67,11.6
TH5716,เชียงราย,แม่ลาว,รพ.เชียงรายประชานุเคราะห์,10674.0,เชียงราย,20.66,24.0
TH5717,เชียงราย,เวียงเชียงรุ้ง,รพ.ศูนย์การแพทย์มหาวิทยาลัยแม่ฟ้าหลวง,41509.0,เชียงราย,26.29,41.0
TH5718,เชียงราย,ดอยหลวง,รพ.ศูนย์การแพทย์มหาวิทยาลัยแม่ฟ้าหลวง,41509.0,เชียงราย,46.38,62.8
TH5801,แม่ฮ่องสอน,เมืองแม่ฮ่องสอน,รพ.ศรีสังวาลย์,10719.0,แม่ฮ่องสอน,1.85,5.3
TH5802,แม่ฮ่องสอน,ขุนยวม,รพ.ศรีสังวาลย์,10719.0,แม่ฮ่องสอน,71.54,80.2
TH5803,แม่ฮ่องสอน,ปาย,รพ.ศรีสังวาลย์,10719.0,แม่ฮ่องสอน,106.94,123.4
TH5804,แม่ฮ่องสอน,แม่สะเรียง,รพ.ศรีสังวาลย์,10719.0,แม่ฮ่องสอน,174.3,189.2
TH5805,แม่ฮ่องสอน,แม่ลาน้อย,รพ.ศรีสังวาลย์,10719.0,แม่ฮ่องสอน,124.88,124.6
TH5806,แม่ฮ่องสอน,สบเมย,รพ.ท่าสองยาง,11241.0,ตาก,141.95,144.3
TH5807,แม่ฮ่องสอน,ปางมะผ้า,รพ.ศรีสังวาลย์,10719.0,แม่ฮ่องสอน,61.31,70.8
TH6001,นครสวรรค์,เมืองนครสวรรค์,รพ.พริ้นซ์ ปากน้ำโพ 2 โรงพยาบาลทั่วไปขนาดใหญ่,12034.0,นครสวรรค์,7.72,9.6
TH6002,นครสวรรค์,โกรกพระ,รพ.พริ้นซ์ ปากน้ำโพ 2 โรงพยาบาลทั่วไปขนาดใหญ่,12034.0,นครสวรรค์,22.89,28.0
TH6003,นครสวรรค์,ชุมแสง,รพ.พริ้นซ์ ปากน้ำโพ 2 โรงพยาบาลทั่วไปขนาดใหญ่,12034.0,นครสวรรค์,30.75,38.1
TH6004,นครสวรรค์,หนองบัว,รพ.หนองไผ่,11268.0,เพชรบูรณ์,67.86,66.7
TH6005,นครสวรรค์,บรรพตพิสัย,รพ.บรรพตพิสัย,11212.0,นครสวรรค์,10.64,16.8
TH6006,นครสวรรค์,เก้าเลี้ยว,รพ.บรรพตพิสัย,11212.0,นครสวรรค์,23.42,27.9
TH6007,นครสวรรค์,ตาคลี,รพ.สิงห์บุรี,10692.0,สิงห์บุรี,56.97,54.4
TH6008,นครสวรรค์,ท่าตะโก,รพ.พริ้นซ์ ปากน้ำโพ 2 โรงพยาบาลทั่วไปขนาดใหญ่,12034.0,นครสวรรค์,46.58,56.4
TH6009,นครสวรรค์,ไพศาลี,รพ.โคกสำโรง,10790.0,ลพบุรี,72.6,79.8
TH6010,นครสวรรค์,พยุหะคีรี,รพ.พริ้นซ์ ปากน้ำโพ 2 โรงพยาบาลทั่วไปขนาดใหญ่,12034.0,นครสวรรค์,38.07,36.2
TH6011,นครสวรรค์,ลาดยาว,รพ.บรรพตพิสัย,11212.0,นครสวรรค์,38.15,52.8
TH6012,นครสวรรค์,ตากฟ้า,รพ.โคกสำโรง,10790.0,ลพบุรี,51.85,41.5
TH6013,นครสวรรค์,แม่วงก์,รพ.บรรพตพิสัย,11212.0,นครสวรรค์,87.06,103.4
TH6014,นครสวรรค์,แม่เปิน,รพ.บรรพตพิสัย,11212.0,นครสวรรค์,85.34,106.5
TH6015,นครสวรรค์,ชุมตาบง,รพ.บรรพตพิสัย,11212.0,นครสวรรค์,71.47,87.3
TH6101,อุทัยธานี,เมืองอุทัยธานี,รพ.พริ้นซ์ ปากน้ำโพ 2 โรงพยาบาลทั่วไปขนาดใหญ่,12034.0,นครสวรรค์,48.33,40.9
TH6102,อุทัยธานี,ทัพทัน,รพ.พริ้นซ์ ปากน้ำโพ 2 โรงพยาบาลทั่วไปขนาดใหญ่,12034.0,นครสวรรค์,56.6,68.1
TH6103,อุทัยธานี,สว่างอารมณ์,รพ.บรรพตพิสัย,11212.0,นครสวรรค์,64.01,90.8
TH6104,อุทัยธานี,หนองฉาง,รพ.สรรคบุรี,10805.0,ชัยนาท,76.46,69.9
TH6105,อุทัยธานี,หนองขาหย่าง,รพ.สรรคบุรี,10805.0,ชัยนาท,54.5,46.9
TH6106,อุทัยธานี,บ้านไร่,รพ.บรรพตพิสัย,11212.0,นครสวรรค์,123.48,241.9
TH6107,อุทัยธานี,ลานสัก,รพ.บรรพตพิสัย,11212.0,นครสวรรค์,105.73,164.2
TH6108,อุทัยธานี,ห้วยคต,รพ.สรรคบุรี,10805.0,ชัยนาท,99.71,106.4
TH6201,กำแพงเพชร,เมืองกำแพงเพชร,รพ.สมเด็จพระเจ้าตากสินมหาราช,10722.0,ตาก,73.15,57.2
TH6202,กำแพงเพชร,ไทรงาม,รพ.บรรพตพิสัย,11212.0,นครสวรรค์,74.32,87.1
TH6203,กำแพงเพชร,คลองลาน,รพ.สมเด็จพระเจ้าตากสินมหาราช,10722.0,ตาก,108.84,108.9
TH6204,กำแพงเพชร,ขาณุวรลักษบุรี,รพ.บรรพตพิสัย,11212.0,นครสวรรค์,56.95,63.3
TH6205,กำแพงเพชร,คลองขลุง,รพ.บรรพตพิสัย,11212.0,นครสวรรค์,61.48,56.1
TH6206,กำแพงเพชร,พรานกระต่าย,รพ.สมเด็จพระเจ้าตากสินมหาราช,10722.0,ตาก,63.59,70.9
TH6207,กำแพงเพชร,ลานกระบือ,รพ.ศรีสังวรสุโขทัย,10725.0,สุโขทัย,82.55,80.6
TH6208,กำแพงเพชร,ทรายทองวัฒนา,รพ.บรรพตพิสัย,11212.0,นครสวรรค์,57.61,65.1
TH6209,กำแพงเพชร,ปางศิลาทอง,รพ.บรรพตพิสัย,11212.0,นครสวรรค์,110.81,105.3
TH6210,กำแพงเพชร,บึงสามัคคี,รพ.บรรพตพิสัย,11212.0,นครสวรรค์,48.62,59.4
TH6211,กำแพงเพชร,โกสัมพีนคร,รพ.สมเด็จพระเจ้าตากสินมหาราช,10722.0,ตาก,48.88,56.7
TH6301,ตาก,เมืองตาก,รพ.สมเด็จพระเจ้าตากสินมหาราช,10722.0,ตาก,3.34,4.5
TH6302,ตาก,บ้านตาก,รพ.สมเด็จพระเจ้าตากสินมหาราช,10722.0,ตาก,40.58,32.6
TH6303,ตาก,สามเงา,รพ.ท่าสองยาง,11241.0,ตาก,103.37,194.8
TH6304,ตาก,แม่ระมาด,รพ.แม่ระมาด,11240.0,ตาก,12.47,25.8
TH6305,ตาก,ท่าสองยาง,รพ.ท่าสองยาง,11241.0,ตาก,78.05,97.2
TH6306,ตาก,แม่สอด,รพ.แม่สอด,10723.0,ตาก,18.38,16.5
TH6307,ตาก,พบพระ,รพ.พบพระ,11242.0,ตาก,32.65,37.3
TH6308,ตาก,อุ้มผาง,รพ.พบพระ,11242.0,ตาก,92.29,122.9
TH6309,ตาก,วังเจ้า,รพ.สมเด็จพระเจ้าตากสินมหาราช,10722.0,ตาก,41.73,50.4
TH6401,สุโขทัย,เมืองสุโขทัย,รพ.ศรีสังวรสุโขทัย,10725.0,สุโขทัย,23.96,25.1
TH6402,สุโขทัย,บ้านด่านลานหอย,รพ.ศรีสังวรสุโขทัย,10725.0,สุโขทัย,49.99,44.7
TH6403,สุโขทัย,คีรีมาศ,รพ.ศรีสังวรสุโขทัย,10725.0,สุโขทัย,49.57,52.7
TH6404,สุโขทัย,กงไกรลาศ,รพ.ศรีสังวรสุโขทัย,10725.0,สุโขทัย,38.39,34.8
TH6405,สุโขทัย,ศรีสัชนาลัย,รพ.ศรีสังวรสุโขทัย,10725.0,สุโขทัย,68.76,72.2
TH6406,สุโขทัย,ศรีสำโรง,รพ.ศรีสังวรสุโขทัย,10725.0,สุโขทัย,14.73,16.5
TH6407,สุโขทัย,สวรรคโลก,รพ.ศรีสังวรสุโขทัย,10725.0,สุโขทัย,22.19,32.9
TH6408,สุโขทัย,ศรีนคร,รพ.ศรีสังวรสุโขทัย,10725.0,สุโขทัย,34.95,39.7
TH6409,สุโขทัย,ทุ่งเสลี่ยม,รพ.ศรีสังวรสุโขทัย,10725.0,สุโขทัย,55.88,54.9
TH6501,พิษณุโลก,เมืองพิษณุโลก,รพ.วังทอง,11256.0,พิษณุโลก,23.97,24.6
TH6502,พิษณุโลก,นครไทย,รพร.ด่านซ้าย,11447.0,เลย,49.0,61.1
TH6503,พิษณุโลก,ชาติตระการ,รพร.ด่านซ้าย,11447.0,เลย,106.66,174.7
TH6504,พิษณุโลก,บางระกำ,รพ.วังทอง,11256.0,พิษณุโลก,61.02,76.4
TH6505,พิษณุโลก,บางกระทุ่ม,รพ.วังทอง,11256.0,พิษณุโลก,39.21,47.7
TH6506,พิษณุโลก,พรหมพิราม,รพ.ศรีสังวรสุโขทัย,10725.0,สุโขทัย,47.56,49.2
TH6507,พิษณุโลก,วัดโบสถ์,รพ.วังทอง,11256.0,พิษณุโลก,51.19,56.2
TH6508,พิษณุโลก,วังทอง,รพ.วังทอง,11256.0,พิษณุโลก,22.99,17.7
TH6509,พิษณุโลก,เนินมะปราง,รพ.วังทอง,11256.0,พิษณุโลก,59.61,65.6
TH6601,พิจิตร,เมืองพิจิตร,รพ.วังทอง,11256.0,พิษณุโลก,59.32,47.9
TH6602,พิจิตร,วังทรายพูน,รพ.วังทอง,11256.0,พิษณุโลก,62.54,56.7
TH6603,พิจิตร,โพธิ์ประทับช้าง,รพ.บรรพตพิสัย,11212.0,นครสวรรค์,61.92,68.9
TH6604,พิจิตร,ตะพานหิน,รพ.บรรพตพิสัย,11212.0,นครสวรรค์,79.04,85.1
TH6605,พิจิตร,บางมูลนาก,รพ.พริ้นซ์ ปากน้ำโพ 2 โรงพยาบาลทั่วไปขนาดใหญ่,12034.0,นครสวรรค์,69.32,75.4
TH6606,พิจิตร,โพทะเล,รพ.บรรพตพิสัย,11212.0,นครสวรรค์,46.99,62.2
TH6607,พิจิตร,สามง่าม,รพ.วังทอง,11256.0,พิษณุโลก,77.25,70.0
TH6608,พิจิตร,ทับคล้อ,รพ.หนองไผ่,11268.0,เพชรบูรณ์,76.65,81.5
TH6609,พิจิตร,สากเหล็ก,รพ.วังทอง,11256.0,พิษณุโลก,43.9,35.1
TH6610,พิจิตร,บึงนาราง,รพ.บรรพตพิสัย,11212.0,นครสวรรค์,40.39,52.4
TH6611,พิจิตร,ดงเจริญ,รพ.พริ้นซ์ ปากน้ำโพ 2 โรงพยาบาลทั่วไปขนาดใหญ่,12034.0,นครสวรรค์,79.19,86.1
TH6612,พิจิตร,วชิรบารมี,รพ.วังทอง,11256.0,พิษณุโลก,73.97,62.2
TH6701,เพชรบูรณ์,เมืองเพชรบูรณ์,รพ.หนองไผ่,11268.0,เพชรบูรณ์,57.97,56.0
TH6702,เพชรบูรณ์,ชนแดน,รพ.หนองไผ่,11268.0,เพชรบูรณ์,38.96,51.3
TH6703,เพชรบูรณ์,หล่มสัก,รพร.ด่านซ้าย,11447.0,เลย,86.61,70.0
TH6704,เพชรบูรณ์,หล่มเก่า,รพร.ด่านซ้าย,11447.0,เลย,53.13,53.5
TH6705,เพชรบูรณ์,วิเชียรบุรี,รพ.หนองไผ่,11268.0,เพชรบูรณ์,51.63,51.9
TH6706,เพชรบูรณ์,ศรีเทพ,รพ.ชัยบาดาล,10791.0,ลพบุรี,38.92,43.0
TH6707,เพชรบูรณ์,หนองไผ่,รพ.หนองไผ่,11268.0,เพชรบูรณ์,17.82,28.7
TH6708,เพชรบูรณ์,บึงสามพัน,รพ.หนองไผ่,11268.0,เพชรบูรณ์,21.84,21.3
TH6709,เพชรบูรณ์,น้ำหนาว,รพ.ชุมแพ,10998.0,ขอนแก่น,77.01,71.1
TH6710,เพชรบูรณ์,วังโป่ง,รพ.หนองไผ่,11268.0,เพชรบูรณ์,63.78,79.5
TH6711,เพชรบูรณ์,เขาค้อ,รพ.วังทอง,11256.0,พิษณุโลก,95.74,79.5
TH7001,ราชบุรี,เมืองราชบุรี,รพ.โพธาราม,10730.0,ราชบุรี,31.12,33.0
TH7002,ราชบุรี,จอมบึง,รพ.โพธาราม,10730.0,ราชบุรี,52.86,56.7
TH7003,ราชบุรี,สวนผึ้ง,รพ.โพธาราม,10730.0,ราชบุรี,77.5,82.0
TH7004,ราชบุรี,ดำเนินสะดวก,รพ.ดำเนินสะดวก,10728.0,ราชบุรี,4.25,5.5
TH7005,ราชบุรี,บ้านโป่ง,รพ.บ้านโป่ง,10729.0,ราชบุรี,4.48,5.9
TH7006,ราชบุรี,บางแพ,รพ.ดำเนินสะดวก,10728.0,ราชบุรี,21.62,24.8
TH7007,ราชบุรี,โพธาราม,รพ.โพธาราม,10730.0,ราชบุรี,14.47,21.5
TH7008,ราชบุรี,ปากท่อ,รพ.สมเด็จพระพุทธเลิศหล้า,10735.0,สมุทรสงคราม,41.09,41.7
TH7009,ราชบุรี,วัดเพลง,รพ.สมเด็จพระพุทธเลิศหล้า,10735.0,สมุทรสงคราม,21.32,31.9
TH7010,ราชบุรี,บ้านคา,รพ.แก่งกระจาน,11314.0,เพชรบุรี,83.52,107.4
TH7101,กาญจนบุรี,เมืองกาญจนบุรี,รพ.มะการักษ์,10732.0,กาญจนบุรี,48.07,49.5
TH7102,กาญจนบุรี,ไทรโยค,รพ.มะการักษ์,10732.0,กาญจนบุรี,120.49,171.9
TH7103,กาญจนบุรี,บ่อพลอย,รพ.มะการักษ์,10732.0,กาญจนบุรี,86.03,100.7
TH7104,กาญจนบุรี,ศรีสวัสดิ์,รพ.มะการักษ์,10732.0,กาญจนบุรี,145.13,175.9
TH7105,กาญจนบุรี,ท่ามะกา,รพ.มะการักษ์,10732.0,กาญจนบุรี,10.99,16.9
TH7106,กาญจนบุรี,ท่าม่วง,รพ.มะการักษ์,10732.0,กาญจนบุรี,22.67,27.2
TH7107,กาญจนบุรี,ทองผาภูมิ,รพ.มะการักษ์,10732.0,กาญจนบุรี,228.76,268.8
TH7108,กาญจนบุรี,สังขละบุรี,รพ.พบพระ,11242.0,ตาก,231.3,366.1
TH7109,กาญจนบุรี,พนมทวน,รพ.มะการักษ์,10732.0,กาญจนบุรี,37.69,42.2
TH7110,กาญจนบุรี,เลาขวัญ,รพ.สมเด็จพระสังฆราชองค์ที่17,10733.0,สุพรรณบุรี,80.4,83.9
TH7111,กาญจนบุรี,ด่านมะขามเตี้ย,รพ.มะการักษ์,10732.0,กาญจนบุรี,63.25,74.5
TH7112,กาญจนบุรี,หนองปรือ,รพ.สมเด็จพระสังฆราชองค์ที่17,10733.0,สุพรรณบุรี,110.48,111.5
TH7113,กาญจนบุรี,ห้วยกระเจา,รพ.สมเด็จพระสังฆราชองค์ที่17,10733.0,สุพรรณบุรี,55.64,63.1
TH7201,สุพรรณบุรี,เมืองสุพรรณบุรี,รพ.สมเด็จพระสังฆราชองค์ที่17,10733.0,สุพรรณบุรี,34.4,38.2
TH7202,สุพรรณบุรี,เดิมบางนางบวช,รพ.สรรคบุรี,10805.0,ชัยนาท,27.75,23.2
TH7203,สุพรรณบุรี,ด่านช้าง,รพ.สรรคบุรี,10805.0,ชัยนาท,101.14,110.2
TH7204,สุพรรณบุรี,บางปลาม้า,รพ.สมเด็จพระสังฆราชองค์ที่17,10733.0,สุพรรณบุรี,27.95,42.6
TH7205,สุพรรณบุรี,ศรีประจันต์,รพ.อ่างทอง,10689.0,อ่างทอง,39.99,42.5
TH7206,สุพรรณบุรี,ดอนเจดีย์,รพ.สรรคบุรี,10805.0,ชัยนาท,73.03,66.6
TH7207,สุพรรณบุรี,สองพี่น้อง,รพ.สมเด็จพระสังฆราชองค์ที่17,10733.0,สุพรรณบุรี,3.78,7.5
TH7208,สุพรรณบุรี,สามชุก,รพ.สรรคบุรี,10805.0,ชัยนาท,43.88,34.0
TH7209,สุพรรณบุรี,อู่ทอง,รพ.สมเด็จพระสังฆราชองค์ที่17,10733.0,สุพรรณบุรี,47.1,41.0
TH7210,สุพรรณบุรี,หนองหญ้าไซ,รพ.สรรคบุรี,10805.0,ชัยนาท,75.46,70.0
TH7301,นครปฐม,เมืองนครปฐม,รพ.นครปฐม,10679.0,นครปฐม,4.42,6.2
TH7302,นครปฐม,กำแพงแสน,รพ.มะการักษ์,10732.0,กาญจนบุรี,35.57,38.5
TH7303,นครปฐม,นครชัยศรี,ดีดีเเคร์คลินิก คลินิกเวชกรรม,55906.0,นครปฐม,17.0,17.5
TH7304,นครปฐม,ดอนตูม,รพ.นครปฐม,10679.0,นครปฐม,20.22,21.2
TH7305,นครปฐม,บางเลน,รพ.นครปฐม,10679.0,นครปฐม,38.5,41.8
TH7306,นครปฐม,สามพราน,รพ.สามพราน,11302.0,นครปฐม,5.32,11.3
TH7307,นครปฐม,พุทธมณฑล,รพ.ราชพิพัฒน์,14641.0,กรุงเทพมหานคร,19.61,27.9
TH7401,สมุทรสาคร,เมืองสมุทรสาคร,คลินิกเวชกรรมหมอกษมพล สมุทรสาคร,54944.0,สมุทรสาคร,3.88,6.2
TH7402,สมุทรสาคร,กระทุ่มแบน,รพ.กระทุ่มแบน,11304.0,สมุทรสาคร,3.32,9.0
TH7403,สมุทรสาคร,บ้านแพ้ว,รพ.กระทุ่มแบน,11304.0,สมุทรสาคร,19.22,32.2
TH7501,สมุทรสงคราม,เมืองสมุทรสงคราม,รพ.สมเด็จพระพุทธเลิศหล้า,10735.0,สมุทรสงคราม,1.67,3.0
TH7502,สมุทรสงคราม,บางคนที,รพ.สมเด็จพระพุทธเลิศหล้า,10735.0,สมุทรสงคราม,14.08,19.9
TH7503,สมุทรสงคราม,อัมพวา,รพ.สมเด็จพระพุทธเลิศหล้า,10735.0,สมุทรสงคราม,16.31,14.3
TH7601,เพชรบุรี,เมืองเพชรบุรี,คลินิกเวชกรรมหมอวิเชียร 2,24636.0,เพชรบุรี,9.64,14.6
TH7602,เพชรบุรี,เขาย้อย,คลินิกเวชกรรมหมอวิเชียร 2,24636.0,เพชรบุรี,24.89,23.4
TH7603,เพชรบุรี,หนองหญ้าปล้อง,รพ.แก่งกระจาน,11314.0,เพชรบุรี,46.65,69.7
TH7604,เพชรบุรี,ชะอำ,คลินิกศรีสมัยการแพทย์,29648.0,ประจวบคีรีขันธ์,28.15,37.9
TH7605,เพชรบุรี,ท่ายาง,รพ.แก่งกระจาน,11314.0,เพชรบุรี,19.71,29.7
TH7606,เพชรบุรี,บ้านลาด,คลินิกเวชกรรมหมอวิเชียร 2,24636.0,เพชรบุรี,14.51,20.0
TH7607,เพชรบุรี,บ้านแหลม,คลินิกเวชกรรมหมอวิเชียร 2,24636.0,เพชรบุรี,9.63,16.1
TH7608,เพชรบุรี,แก่งกระจาน,รพ.แก่งกระจาน,11314.0,เพชรบุรี,34.1,57.1
TH7701,ประจวบคีรีขันธ์,เมืองประจวบคีรีขันธ์,รพ.ประจวบคีรีขันธ์,10737.0,ประจวบคีรีขันธ์,12.22,14.7
TH7702,ประจวบคีรีขันธ์,กุยบุรี,รพ.ประจวบคีรีขันธ์,10737.0,ประจวบคีรีขันธ์,48.71,44.6
TH7703,ประจวบคีรีขันธ์,ทับสะแก,รพ.บางสะพาน,11317.0,ประจวบคีรีขันธ์,52.54,51.6
TH7704,ประจวบคีรีขันธ์,บางสะพาน,รพ.บางสะพาน,11317.0,ประจวบคีรีขันธ์,14.38,20.5
TH7705,ประจวบคีรีขันธ์,บางสะพานน้อย,รพ.บางสะพาน,11317.0,ประจวบคีรีขันธ์,36.25,33.8
TH7706,ประจวบคีรีขันธ์,ปราณบุรี,คลินิกศรีสมัยการแพทย์,29648.0,ประจวบคีรีขันธ์,31.85,33.4
TH7707,ประจวบคีรีขันธ์,หัวหิน,คลินิกศรีสมัยการแพทย์,29648.0,ประจวบคีรีขันธ์,38.88,55.2
TH7708,ประจวบคีรีขันธ์,สามร้อยยอด,คลินิกศรีสมัยการแพทย์,29648.0,ประจวบคีรีขันธ์,47.75,48.2
TH8001,นครศรีธรรมราช,นครศรีธรรมราช,คลินิกเวชกรรมหมอกษมพล กทม.,54481.0,กรุงเทพมหานคร,2.87,5.2
TH8002,นครศรีธรรมราช,พรหมคีรี,รพ.ศูนย์การแพทย์มหาวิทยาลัยวลัยลักษณ์,40970.0,นครศรีธรรมราช,27.54,38.1
TH8003,นครศรีธรรมราช,ลานสกา,รพ.ลานสกา,11324.0,นครศรีธรรมราช,4.18,6.3
TH8004,นครศรีธรรมราช,ฉวาง,รพร.ฉวาง,11325.0,นครศรีธรรมราช,11.97,17.1
TH8005,นครศรีธรรมราช,พิปูน,รพ.พิปูน,11326.0,นครศรีธรรมราช,10.73,16.3
TH8006,นครศรีธรรมราช,เชียรใหญ่,รพ.เชียรใหญ่,11327.0,นครศรีธรรมราช,7.86,18.5
TH8007,นครศรีธรรมราช,ชะอวด,รพ.ชะอวด,11328.0,นครศรีธรรมราช,2.01,3.2
TH8008,นครศรีธรรมราช,ท่าศาลา,รพ.ศูนย์การแพทย์มหาวิทยาลัยวลัยลักษณ์,40970.0,นครศรีธรรมราช,14.04,18.3
TH8009,นครศรีธรรมราช,ทุ่งสง,รพ.ทุ่งสง,11330.0,นครศรีธรรมราช,12.28,11.1
TH8010,นครศรีธรรมราช,นาบอน,รพ.ทุ่งใหญ่,11332.0,นครศรีธรรมราช,24.42,25.7
TH8011,นครศรีธรรมราช,ทุ่งใหญ่,รพ.ทุ่งใหญ่,11332.0,นครศรีธรรมราช,7.81,11.6
TH8012,นครศรีธรรมราช,ปากพนัง,รพ.ปากพนัง,11333.0,นครศรีธรรมราช,11.33,16.0
TH8013,นครศรีธรรมราช,ร่อนพิบูลย์,รพ.ร่อนพิบูลย์,11334.0,นครศรีธรรมราช,7.37,19.6
TH8014,นครศรีธรรมราช,สิชล,รพ.สิชล,11335.0,นครศรีธรรมราช,18.84,22.8
TH8015,นครศรีธรรมราช,ขนอม,รพ.สิชล,11335.0,นครศรีธรรมราช,30.57,32.1
TH8016,นครศรีธรรมราช,หัวไทร,รพ.เชียรใหญ่,11327.0,นครศรีธรรมราช,28.74,27.8
TH8017,นครศรีธรรมราช,บางขัน,รพ.ทุ่งสง,11330.0,นครศรีธรรมราช,33.22,40.2
TH8018,นครศรีธรรมราช,ถ้ำพรรณรา,รพ.ทุ่งใหญ่,11332.0,นครศรีธรรมราช,29.87,31.0
TH8019,นครศรีธรรมราช,จุฬาภรณ์,รพ.ร่อนพิบูลย์,11334.0,นครศรีธรรมราช,20.71,19.1
TH8020,นครศรีธรรมราช,พระพรหม,รพ.มหาราชนครศรีธรรมราช,10680.0,นครศรีธรรมราช,10.99,13.3
TH8021,นครศรีธรรมราช,นบพิตำ,รพ.ศูนย์การแพทย์มหาวิทยาลัยวลัยลักษณ์,40970.0,นครศรีธรรมราช,45.98,51.3
TH8022,นครศรีธรรมราช,ช้างกลาง,รพร.ฉวาง,11325.0,นครศรีธรรมราช,18.82,30.1
TH8023,นครศรีธรรมราช,เฉลิมพระเกียรติ,รพ.เชียรใหญ่,11327.0,นครศรีธรรมราช,14.79,15.5
TH8101,กระบี่,เมืองกระบี่,รพ.ทุ่งใหญ่,11332.0,นครศรีธรรมราช,86.34,98.0
TH8102,กระบี่,เขาพนม,รพ.ทุ่งใหญ่,11332.0,นครศรีธรรมราช,39.3,45.5
TH8103,กระบี่,เกาะลันตา,รพ.ห้วยยอด,11411.0,ตรัง,81.68,73.7
TH8104,กระบี่,คลองท่อม,รพ.ทุ่งใหญ่,11332.0,นครศรีธรรมราช,55.77,76.2
TH8105,กระบี่,อ่าวลึก,รพร.เวียงสระ,11459.0,สุราษฎร์ธานี,88.77,82.7
TH8106,กระบี่,ปลายพระยา,รพร.เวียงสระ,11459.0,สุราษฎร์ธานี,74.31,76.9
TH8107,กระบี่,ลำทับ,รพ.ทุ่งใหญ่,11332.0,นครศรีธรรมราช,37.81,46.7
TH8108,กระบี่,เหนือคลอง,รพ.ทุ่งใหญ่,11332.0,นครศรีธรรมราช,68.16,73.4
TH8201,พังงา,เมืองพังงา,รพ.วชิระภูเก็ต,10741.0,ภูเก็ต,94.93,98.5
TH8202,พังงา,เกาะยาว,รพ.วชิระภูเก็ต,10741.0,ภูเก็ต,51.7,66.1
TH8203,พังงา,กะปง,รพ.วชิระภูเก็ต,10741.0,ภูเก็ต,131.42,145.2
TH8204,พังงา,ตะกั่วทุ่ง,รพ.วชิระภูเก็ต,10741.0,ภูเก็ต,61.72,70.5
TH8205,พังงา,ตะกั่วป่า,รพ.วชิระภูเก็ต,10741.0,ภูเก็ต,128.68,128.4
TH8206,พังงา,คุระบุรี,รพ.บ้านนาเดิม,11367.0,สุราษฎร์ธานี,200.79,180.1
TH8207,พังงา,ทับปุด,รพ.วชิระภูเก็ต,10741.0,ภูเก็ต,105.89,103.9
TH8208,พังงา,ท้ายเหมือง,รพ.วชิระภูเก็ต,10741.0,ภูเก็ต,75.9,80.1
TH8301,ภูเก็ต,เมืองภูเก็ต,รพ.วชิระภูเก็ต,10741.0,ภูเก็ต,9.53,12.9
TH8302,ภูเก็ต,กะทู้,รพ.วชิระภูเก็ต,10741.0,ภูเก็ต,9.43,13.0
TH8303,ภูเก็ต,ถลาง,รพ.วชิระภูเก็ต,10741.0,ภูเก็ต,24.74,33.1
TH8401,สุราษฎร์ธานี,เมืองสุราษฎร์ธานี,หมออภิเดชคลินิกเฉพาะทางด้านเวชกรรมสูติศาสตร์และนรีเวชวิทยา,42725.0,สุราษฎร์ธานี,19.46,17.7
TH8402,สุราษฎร์ธานี,กาญจนดิษฐ์,รพ.กาญจนดิษฐ์,11357.0,สุราษฎร์ธานี,15.05,16.3
TH8403,สุราษฎร์ธานี,ดอนสัก,รพ.กาญจนดิษฐ์,11357.0,สุราษฎร์ธานี,29.03,26.3
TH8404,สุราษฎร์ธานี,เกาะสมุย,รพ.เกาะสมุย,10742.0,สุราษฎร์ธานี,13.28,18.0
TH8405,สุราษฎร์ธานี,เกาะพะงัน,รพ.เกาะสมุย,10742.0,สุราษฎร์ธานี,35.58,52.7
TH8406,สุราษฎร์ธานี,ไชยา,รพ.ไชยา,11360.0,สุราษฎร์ธานี,18.76,22.3
TH8407,สุราษฎร์ธานี,ท่าชนะ,รพ.ไชยา,11360.0,สุราษฎร์ธานี,44.85,41.0
TH8408,สุราษฎร์ธานี,คีรีรัฐนิคม,รพ.บ้านนาเดิม,11367.0,สุราษฎร์ธานี,59.11,51.4
TH8409,สุราษฎร์ธานี,บ้านตาขุน,รพ.บ้านนาเดิม,11367.0,สุราษฎร์ธานี,212.05,191.5
TH8410,สุราษฎร์ธานี,พนม,รพ.บ้านนาเดิม,11367.0,สุราษฎร์ธานี,91.49,82.9
TH8411,สุราษฎร์ธานี,ท่าฉาง,รพ.ไชยา,11360.0,สุราษฎร์ธานี,45.82,60.7
TH8412,สุราษฎร์ธานี,บ้านนาสาร,รพ.บ้านนาสาร,11366.0,สุราษฎร์ธานี,12.58,18.1
TH8413,สุราษฎร์ธานี,บ้านนาเดิม,รพ.บ้านนาเดิม,11367.0,สุราษฎร์ธานี,6.38,12.7
TH8414,สุราษฎร์ธานี,เคียนซา,รพ.บ้านนาเดิม,11367.0,สุราษฎร์ธานี,38.05,33.5
TH8415,สุราษฎร์ธานี,เวียงสระ,รพร.เวียงสระ,11459.0,สุราษฎร์ธานี,7.92,7.7
TH8416,สุราษฎร์ธานี,พระแสง,รพร.เวียงสระ,11459.0,สุราษฎร์ธานี,30.01,40.1
TH8417,สุราษฎร์ธานี,พุนพิน,รพ.บ้านนาเดิม,11367.0,สุราษฎร์ธานี,22.95,17.8
TH8418,สุราษฎร์ธานี,ชัยบุรี,รพร.เวียงสระ,11459.0,สุราษฎร์ธานี,47.08,52.7
TH8419,สุราษฎร์ธานี,วิภาวดี,รพ.ไชยา,11360.0,สุราษฎร์ธานี,58.06,82.3
TH8501,ระนอง,เมืองระนอง,รพ.หลังสวน,11379.0,ชุมพร,90.22,103.5
TH8502,ระนอง,ละอุ่น,รพ.หลังสวน,11379.0,ชุมพร,73.54,75.7
TH8503,ระนอง,กะเปอร์,รพ.หลังสวน,11379.0,ชุมพร,101.67,104.7
TH8504,ระนอง,กระบุรี,คลินิกเวชกรรม หมอกษมพล ชุมพร,53912.0,ชุมพร,50.84,45.2
TH8505,ระนอง,สุขสำราญ,รพ.หลังสวน,11379.0,ชุมพร,116.67,109.3
TH8601,ชุมพร,เมืองชุมพร,คลินิกเวชกรรม หมอกษมพล ชุมพร,53912.0,ชุมพร,17.45,20.5
TH8602,ชุมพร,ท่าแซะ,คลินิกเวชกรรม หมอกษมพล ชุมพร,53912.0,ชุมพร,44.18,70.6
TH8603,ชุมพร,ปะทิว,คลินิกกอบกุลการแพทย์,26241.0,ชุมพร,41.03,50.5
TH8604,ชุมพร,หลังสวน,รพ.หลังสวน,11379.0,ชุมพร,8.7,7.7
TH8605,ชุมพร,ละแม,รพ.หลังสวน,11379.0,ชุมพร,34.58,39.2
TH8606,ชุมพร,พะโต๊ะ,รพ.หลังสวน,11379.0,ชุมพร,42.34,49.6
TH8607,ชุมพร,สวี,รพ.หลังสวน,11379.0,ชุมพร,35.53,32.5
TH8608,ชุมพร,ทุ่งตะโก,รพ.หลังสวน,11379.0,ชุมพร,17.56,22.2
TH9001,สงขลา,เมืองสงขลา,รพ.สงขลา,10745.0,สงขลา,9.63,40.5
TH9002,สงขลา,สทิงพระ,รพ.สงขลา,10745.0,สงขลา,48.87,41.4
TH9003,สงขลา,จะนะ,รพ.จะนะ,11387.0,สงขลา,4.87,7.3
TH9004,สงขลา,นาทวี,รพ.จะนะ,11387.0,สงขลา,37.35,35.3
TH9005,สงขลา,เทพา,รพ.จะนะ,11387.0,สงขลา,40.37,35.5
TH9006,สงขลา,สะบ้าย้อย,รพ.รามัน,11434.0,ยะลา,71.63,87.4
TH9007,สงขลา,ระโนด,รพ.พัทลุง,10747.0,พัทลุง,49.51,61.9
TH9008,สงขลา,กระแสสินธุ์,รพ.พัทลุง,10747.0,พัทลุง,76.48,102.9
TH9009,สงขลา,รัตภูมิ,คลินิก สวท เวชกรรม,34717.0,สงขลา,45.19,48.3
TH9010,สงขลา,สะเดา,รพ.คลองหอยโข่ง,11401.0,สงขลา,37.57,43.7
TH9011,สงขลา,หาดใหญ่,คลินิก สวท เวชกรรม,34717.0,สงขลา,12.0,14.8
TH9012,สงขลา,นาหม่อม,รพ.สงขลานครินทร์ มหาวิทยาลัยสงขลานครินทร์,13779.0,สงขลา,15.22,16.7
TH9013,สงขลา,ควนเนียง,รพ.หาดใหญ่,10682.0,สงขลา,24.19,37.7
TH9014,สงขลา,บางกล่ำ,รพ.หาดใหญ่,10682.0,สงขลา,10.53,15.1
TH9015,สงขลา,สิงหนคร,รพ.สงขลา,10745.0,สงขลา,25.14,21.4
TH9016,สงขลา,คลองหอยโข่ง,รพ.คลองหอยโข่ง,11401.0,สงขลา,7.57,12.4
TH9101,สตูล,เมืองสตูล,รพ.ควนโดน,11402.0,สตูล,21.83,21.8
TH9102,สตูล,ควนโดน,รพ.ควนโดน,11402.0,สตูล,12.0,24.6
TH9103,สตูล,ควนกาหลง,รพ.ควนกาหลง,11403.0,สตูล,17.91,28.2
TH9104,สตูล,ท่าแพ,รพ.ควนกาหลง,11403.0,สตูล,12.39,16.9
TH9105,สตูล,ละงู,รพ.ทุ่งหว้า,11406.0,สตูล,26.41,27.7
TH9106,สตูล,ทุ่งหว้า,รพ.ทุ่งหว้า,11406.0,สตูล,4.71,4.3
TH9107,สตูล,มะนัง,รพ.ควนกาหลง,11403.0,สตูล,21.52,28.4
TH9201,ตรัง,เมืองตรัง,รพ.ตรัง,10683.0,ตรัง,8.43,13.0
TH9202,ตรัง,กันตัง,รพ.ตรัง,10683.0,ตรัง,30.18,32.7
TH9203,ตรัง,ย่านตาขาว,รพ.ตรัง,10683.0,ตรัง,28.34,33.1
TH9204,ตรัง,ปะเหลียน,รพ.ทุ่งหว้า,11406.0,สตูล,31.73,38.2
TH9205,ตรัง,สิเกา,รพ.ตรัง,10683.0,ตรัง,41.34,48.1
TH9206,ตรัง,ห้วยยอด,รพ.ห้วยยอด,11411.0,ตรัง,7.41,15.7
TH9207,ตรัง,วังวิเศษ,รพ.ห้วยยอด,11411.0,ตรัง,31.78,27.0
TH9208,ตรัง,นาโยง,รพ.ตรัง,10683.0,ตรัง,17.68,17.9
TH9209,ตรัง,รัษฎา,รพ.ห้วยยอด,11411.0,ตรัง,17.34,27.3
TH9210,ตรัง,หาดสำราญ,รพ.ตรัง,10683.0,ตรัง,49.06,51.7
TH9301,พัทลุง,เมืองพัทลุง,รพ.พัทลุง,10747.0,พัทลุง,10.7,16.8
TH9302,พัทลุง,กงหรา,รพ.พัทลุง,10747.0,พัทลุง,35.69,34.2
TH9303,พัทลุง,เขาชัยสน,รพ.พัทลุง,10747.0,พัทลุง,23.82,20.7
TH9304,พัทลุง,ตะโหมด,รพ.พัทลุง,10747.0,พัทลุง,50.79,46.6
TH9305,พัทลุง,ควนขนุน,รพ.พัทลุง,10747.0,พัทลุง,28.4,29.9
TH9306,พัทลุง,ปากพะยูน,รพ.สงขลา,10745.0,สงขลา,57.0,57.6
TH9307,พัทลุง,ศรีบรรพต,รพ.พัทลุง,10747.0,พัทลุง,34.96,35.0
TH9308,พัทลุง,ป่าบอน,คลินิก สวท เวชกรรม,34717.0,สงขลา,49.23,41.2
TH9309,พัทลุง,บางแก้ว,รพ.พัทลุง,10747.0,พัทลุง,45.57,40.8
TH9310,พัทลุง,ป่าพะยอม,รพ.ชะอวด,11328.0,นครศรีธรรมราช,28.52,30.1
TH9311,พัทลุง,ศรีนครินทร์,รพ.พัทลุง,10747.0,พัทลุง,20.32,16.7
TH9401,ปัตตานี,เมืองปัตตานี,รพ.รามัน,11434.0,ยะลา,64.72,66.6
TH9402,ปัตตานี,โคกโพธิ์,รพ.รามัน,11434.0,ยะลา,54.63,57.3
TH9403,ปัตตานี,หนองจิก,รพ.รามัน,11434.0,ยะลา,57.29,59.4
TH9404,ปัตตานี,ปะนาเระ,รพ.กะพ้อ,11464.0,ปัตตานี,41.87,47.8
TH9405,ปัตตานี,มายอ,รพ.กะพ้อ,11464.0,ปัตตานี,30.11,43.4
TH9406,ปัตตานี,ทุ่งยางแดง,รพ.กะพ้อ,11464.0,ปัตตานี,16.31,24.5
TH9407,ปัตตานี,สายบุรี,รพ.กะพ้อ,11464.0,ปัตตานี,22.68,28.1
TH9408,ปัตตานี,ไม้แก่น,รพ.กะพ้อ,11464.0,ปัตตานี,24.28,25.0
TH9409,ปัตตานี,ยะหริ่ง,รพ.กะพ้อ,11464.0,ปัตตานี,50.62,44.7
TH9410,ปัตตานี,ยะรัง,รพ.กะพ้อ,11464.0,ปัตตานี,45.02,60.6
TH9411,ปัตตานี,กะพ้อ,รพ.กะพ้อ,11464.0,ปัตตานี,7.32,11.2
TH9412,ปัตตานี,แม่ลาน,รพ.รามัน,11434.0,ยะลา,42.45,45.2
TH9501,ยะลา,เมืองยะลา,รพ.รามัน,11434.0,ยะลา,30.89,36.1
TH9502,ยะลา,เบตง,รพ.รามัน,11434.0,ยะลา,134.89,131.4
TH9503,ยะลา,บันนังสตา,รพ.รามัน,11434.0,ยะลา,53.1,52.6
TH9504,ยะลา,ธารโต,รพ.รามัน,11434.0,ยะลา,124.59,149.8
TH9505,ยะลา,ยะหา,รพ.รามัน,11434.0,ยะลา,49.25,53.7
TH9506,ยะลา,รามัน,รพ.รามัน,11434.0,ยะลา,2.4,3.2
TH9507,ยะลา,กาบัง,รพ.รามัน,11434.0,ยะลา,73.47,82.4
TH9508,ยะลา,กรงปินัง,รพ.รามัน,11434.0,ยะลา,35.7,37.2
TH9601,นราธิวาส,เมืองนราธิวาส,รพ.นราธิวาสราชนครินทร์,10750.0,นราธิวาส,3.33,4.4
TH9602,นราธิวาส,ตากใบ,รพ.สุไหงโก-ลก,10751.0,นราธิวาส,38.24,31.8
TH9603,นราธิวาส,บาเจาะ,รพ.กะพ้อ,11464.0,ปัตตานี,28.83,31.9
TH9604,นราธิวาส,ยี่งอ,รพ.นราธิวาสราชนครินทร์,10750.0,นราธิวาส,18.32,18.6
TH9605,นราธิวาส,ระแงะ,รพ.ระแงะ,11437.0,นราธิวาส,9.05,11.4
TH9606,นราธิวาส,รือเสาะ,รพ.รามัน,11434.0,ยะลา,22.38,30.7
TH9607,นราธิวาส,ศรีสาคร,รพ.ระแงะ,11437.0,นราธิวาส,39.31,59.0
TH9608,นราธิวาส,แว้ง,รพ.สุไหงโก-ลก,10751.0,นราธิวาส,23.02,28.9
TH9609,นราธิวาส,สุคิริน,รพ.สุไหงโก-ลก,10751.0,นราธิวาส,41.77,48.5
TH9610,นราธิวาส,สุไหงโก-ลก,รพ.สุไหงโก-ลก,10751.0,นราธิวาส,5.82,18.4
TH9611,นราธิวาส,สุไหงปาดี,รพ.สุไหงโก-ลก,10751.0,นราธิวาส,21.18,25.1
TH9612,นราธิวาส,จะแนะ,รพ.ระแงะ,11437.0,นราธิวาส,43.81,48.3
TH9613,นราธิวาส,เจาะไอร้อง,รพ.ระแงะ,11437.0,นราธิวาส,19.2,22.6
